Copyright 1986-2022 Xilinx, Inc. All Rights Reserved. Copyright 2022-2025 Advanced Micro Devices, Inc. All Rights Reserved.
------------------------------------------------------------------------------------------------------------------------------------------------------------------------------------------------------------------------
| Tool Version : Vivado v.2025.1 (win64) Build 6140274 Thu May 22 00:12:29 MDT 2025
| Date         : Mon Mar 30 23:09:00 2026
| Host         : _Zoomy_ running 64-bit major release  (build 9200)
| Command      : report_timing_summary -max_paths 10 -routable_nets -report_unconstrained -file main_timing_summary_routed.rpt -pb main_timing_summary_routed.pb -rpx main_timing_summary_routed.rpx -warn_on_violation
| Design       : main
| Device       : 7a100t-csg324
| Speed File   : -1  PRODUCTION 1.23 2018-06-13
| Design State : Routed
------------------------------------------------------------------------------------------------------------------------------------------------------------------------------------------------------------------------

Timing Summary Report

------------------------------------------------------------------------------------------------
| Timer Settings
| --------------
------------------------------------------------------------------------------------------------

  Enable Multi Corner Analysis               :  Yes
  Enable Pessimism Removal                   :  Yes
  Pessimism Removal Resolution               :  Nearest Common Node
  Enable Input Delay Default Clock           :  No
  Enable Preset / Clear Arcs                 :  No
  Disable Flight Delays                      :  No
  Ignore I/O Paths                           :  No
  Timing Early Launch at Borrowing Latches   :  No
  Borrow Time for Max Delay Exceptions       :  Yes
  Merge Timing Exceptions                    :  Yes
  Inter-SLR Compensation                     :  Conservative

  Corner  Analyze    Analyze    
  Name    Max Paths  Min Paths  
  ------  ---------  ---------  
  Slow    Yes        Yes        
  Fast    Yes        Yes        


------------------------------------------------------------------------------------------------
| Report Methodology
| ------------------
------------------------------------------------------------------------------------------------

Rule       Severity          Description                    Violations  
---------  ----------------  -----------------------------  ----------  
TIMING-17  Critical Warning  Non-clocked sequential cell    1000        
TIMING-18  Warning           Missing input or output delay  9           

Note: This report is based on the most recent report_methodology run and may not be up-to-date. Run report_methodology on the current design for the latest report.



check_timing report

Table of Contents
-----------------
1. checking no_clock (5720)
2. checking constant_clock (0)
3. checking pulse_width_clock (0)
4. checking unconstrained_internal_endpoints (5068)
5. checking no_input_delay (22)
6. checking no_output_delay (32)
7. checking multiple_clock (0)
8. checking generated_clocks (0)
9. checking loops (0)
10. checking partial_input_delay (0)
11. checking partial_output_delay (0)
12. checking latch_loops (0)

1. checking no_clock (5720)
---------------------------
 There are 1891 register/latch pins with no clock driven by root clock pin: sw_i[2] (HIGH)

 There are 47 register/latch pins with no clock driven by root clock pin: U8_clk_div/clkdiv_reg[10]/Q (HIGH)

 There are 1891 register/latch pins with no clock driven by root clock pin: U8_clk_div/clkdiv_reg[22]/Q (HIGH)

 There are 1891 register/latch pins with no clock driven by root clock pin: U8_clk_div/clkdiv_reg[7]/Q (HIGH)


2. checking constant_clock (0)
------------------------------
 There are 0 register/latch pins with constant_clock.


3. checking pulse_width_clock (0)
---------------------------------
 There are 0 register/latch pins which need pulse_width check


4. checking unconstrained_internal_endpoints (5068)
---------------------------------------------------
 There are 5068 pins that are not constrained for maximum delay. (HIGH)

 There are 0 pins that are not constrained for maximum delay due to constant clock.


5. checking no_input_delay (22)
-------------------------------
 There are 22 input ports with no input delay specified. (HIGH)

 There are 0 input ports with no input delay but user has a false path constraint.


6. checking no_output_delay (32)
--------------------------------
 There are 32 ports with no output delay specified. (HIGH)

 There are 0 ports with no output delay but user has a false path constraint

 There are 0 ports with no output delay but with a timing clock defined on it or propagating through it


7. checking multiple_clock (0)
------------------------------
 There are 0 register/latch pins with multiple clocks.


8. checking generated_clocks (0)
--------------------------------
 There are 0 generated clocks that are not connected to a clock source.


9. checking loops (0)
---------------------
 There are 0 combinational loops in the design.


10. checking partial_input_delay (0)
------------------------------------
 There are 0 input ports with partial input delay specified.


11. checking partial_output_delay (0)
-------------------------------------
 There are 0 ports with partial output delay specified.


12. checking latch_loops (0)
----------------------------
 There are 0 combinational latch loops in the design through latch input



------------------------------------------------------------------------------------------------
| Design Timing Summary
| ---------------------
------------------------------------------------------------------------------------------------

    WNS(ns)      TNS(ns)  TNS Failing Endpoints  TNS Total Endpoints      WHS(ns)      THS(ns)  THS Failing Endpoints  THS Total Endpoints     WPWS(ns)     TPWS(ns)  TPWS Failing Endpoints  TPWS Total Endpoints  
    -------      -------  ---------------------  -------------------      -------      -------  ---------------------  -------------------     --------     --------  ----------------------  --------------------  
     95.535        0.000                      0                   32        0.207        0.000                      0                   32       49.500        0.000                       0                    89  


All user specified timing constraints are met.


------------------------------------------------------------------------------------------------
| Clock Summary
| -------------
------------------------------------------------------------------------------------------------

Clock        Waveform(ns)         Period(ns)      Frequency(MHz)
-----        ------------         ----------      --------------
sys_clk_pin  {0.000 50.000}       100.000         10.000          


------------------------------------------------------------------------------------------------
| Intra Clock Table
| -----------------
------------------------------------------------------------------------------------------------

Clock             WNS(ns)      TNS(ns)  TNS Failing Endpoints  TNS Total Endpoints      WHS(ns)      THS(ns)  THS Failing Endpoints  THS Total Endpoints     WPWS(ns)     TPWS(ns)  TPWS Failing Endpoints  TPWS Total Endpoints  
-----             -------      -------  ---------------------  -------------------      -------      -------  ---------------------  -------------------     --------     --------  ----------------------  --------------------  
sys_clk_pin        95.535        0.000                      0                   32        0.207        0.000                      0                   32       49.500        0.000                       0                    89  


------------------------------------------------------------------------------------------------
| Inter Clock Table
| -----------------
------------------------------------------------------------------------------------------------

From Clock    To Clock          WNS(ns)      TNS(ns)  TNS Failing Endpoints  TNS Total Endpoints      WHS(ns)      THS(ns)  THS Failing Endpoints  THS Total Endpoints  
----------    --------          -------      -------  ---------------------  -------------------      -------      -------  ---------------------  -------------------  


------------------------------------------------------------------------------------------------
| Other Path Groups Table
| -----------------------
------------------------------------------------------------------------------------------------

Path Group    From Clock    To Clock          WNS(ns)      TNS(ns)  TNS Failing Endpoints  TNS Total Endpoints      WHS(ns)      THS(ns)  THS Failing Endpoints  THS Total Endpoints  
----------    ----------    --------          -------      -------  ---------------------  -------------------      -------      -------  ---------------------  -------------------  


------------------------------------------------------------------------------------------------
| User Ignored Path Table
| -----------------------
------------------------------------------------------------------------------------------------

Path Group    From Clock    To Clock    
----------    ----------    --------    


------------------------------------------------------------------------------------------------
| Unconstrained Path Table
| ------------------------
------------------------------------------------------------------------------------------------

Path Group    From Clock    To Clock    
----------    ----------    --------    
(none)                                    
(none)        sys_clk_pin                 
(none)                      sys_clk_pin   


------------------------------------------------------------------------------------------------
| Timing Details
| --------------
------------------------------------------------------------------------------------------------


---------------------------------------------------------------------------------------------------
From Clock:  sys_clk_pin
  To Clock:  sys_clk_pin

Setup :            0  Failing Endpoints,  Worst Slack       95.535ns,  Total Violation        0.000ns
Hold  :            0  Failing Endpoints,  Worst Slack        0.207ns,  Total Violation        0.000ns
PW    :            0  Failing Endpoints,  Worst Slack       49.500ns,  Total Violation        0.000ns
---------------------------------------------------------------------------------------------------


Max Delay Paths
--------------------------------------------------------------------------------------
Slack (MET) :             95.535ns  (required time - arrival time)
  Source:                 U8_clk_div/clkdiv_reg[10]/C
                            (rising edge-triggered cell FDCE clocked by sys_clk_pin  {rise@0.000ns fall@50.000ns period=100.000ns})
  Destination:            U8_clk_div/clkdiv_reg[29]/D
                            (rising edge-triggered cell FDCE clocked by sys_clk_pin  {rise@0.000ns fall@50.000ns period=100.000ns})
  Path Group:             sys_clk_pin
  Path Type:              Setup (Max at Slow Process Corner)
  Requirement:            100.000ns  (sys_clk_pin rise@100.000ns - sys_clk_pin rise@0.000ns)
  Data Path Delay:        4.354ns  (logic 1.864ns (42.807%)  route 2.490ns (57.193%))
  Logic Levels:           7  (BUFG=1 CARRY4=6)
  Clock Path Skew:        -0.138ns (DCD - SCD + CPR)
    Destination Clock Delay (DCD):    4.911ns = ( 104.911 - 100.000 ) 
    Source Clock Delay      (SCD):    5.229ns
    Clock Pessimism Removal (CPR):    0.180ns
  Clock Uncertainty:      0.035ns  ((TSJ^2 + TIJ^2)^1/2 + DJ) / 2 + PE
    Total System Jitter     (TSJ):    0.071ns
    Total Input Jitter      (TIJ):    0.000ns
    Discrete Jitter          (DJ):    0.000ns
    Phase Error              (PE):    0.000ns

    Location             Delay type                Incr(ns)  Path(ns)    Netlist Resource(s)
  -------------------------------------------------------------------    -------------------
                         (clock sys_clk_pin rise edge)
                                                      0.000     0.000 r  
    E3                                                0.000     0.000 r  clk (IN)
                         net (fo=0)                   0.000     0.000    clk
    E3                   IBUF (Prop_ibuf_I_O)         1.482     1.482 r  clk_IBUF_inst/O
                         net (fo=1, routed)           2.025     3.506    clk_IBUF
    BUFGCTRL_X0Y16       BUFG (Prop_bufg_I_O)         0.096     3.602 r  clk_IBUF_BUFG_inst/O
                         net (fo=88, routed)          1.626     5.229    U8_clk_div/clk
    SLICE_X52Y97         FDCE                                         r  U8_clk_div/clkdiv_reg[10]/C
  -------------------------------------------------------------------    -------------------
    SLICE_X52Y97         FDCE (Prop_fdce_C_Q)         0.456     5.685 r  U8_clk_div/clkdiv_reg[10]/Q
                         net (fo=1, routed)           0.710     6.395    clkdiv[10]
    BUFGCTRL_X0Y2        BUFG (Prop_bufg_I_O)         0.096     6.491 r  clkdiv_BUFG[10]_inst/O
                         net (fo=49, routed)          1.779     8.270    U8_clk_div/S[0]
    SLICE_X52Y97         CARRY4 (Prop_carry4_S[2]_CO[3])
                                                      0.522     8.792 r  U8_clk_div/clkdiv_reg[8]_i_1/CO[3]
                         net (fo=1, routed)           0.000     8.792    U8_clk_div/clkdiv_reg[8]_i_1_n_0
    SLICE_X52Y98         CARRY4 (Prop_carry4_CI_CO[3])
                                                      0.114     8.906 r  U8_clk_div/clkdiv_reg[12]_i_1/CO[3]
                         net (fo=1, routed)           0.000     8.906    U8_clk_div/clkdiv_reg[12]_i_1_n_0
    SLICE_X52Y99         CARRY4 (Prop_carry4_CI_CO[3])
                                                      0.114     9.020 r  U8_clk_div/clkdiv_reg[16]_i_1/CO[3]
                         net (fo=1, routed)           0.001     9.021    U8_clk_div/clkdiv_reg[16]_i_1_n_0
    SLICE_X52Y100        CARRY4 (Prop_carry4_CI_CO[3])
                                                      0.114     9.135 r  U8_clk_div/clkdiv_reg[20]_i_1/CO[3]
                         net (fo=1, routed)           0.000     9.135    U8_clk_div/clkdiv_reg[20]_i_1_n_0
    SLICE_X52Y101        CARRY4 (Prop_carry4_CI_CO[3])
                                                      0.114     9.249 r  U8_clk_div/clkdiv_reg[24]_i_1/CO[3]
                         net (fo=1, routed)           0.000     9.249    U8_clk_div/clkdiv_reg[24]_i_1_n_0
    SLICE_X52Y102        CARRY4 (Prop_carry4_CI_O[1])
                                                      0.334     9.583 r  U8_clk_div/clkdiv_reg[28]_i_1/O[1]
                         net (fo=1, routed)           0.000     9.583    U8_clk_div/clkdiv_reg[28]_i_1_n_6
    SLICE_X52Y102        FDCE                                         r  U8_clk_div/clkdiv_reg[29]/D
  -------------------------------------------------------------------    -------------------

                         (clock sys_clk_pin rise edge)
                                                    100.000   100.000 r  
    E3                                                0.000   100.000 r  clk (IN)
                         net (fo=0)                   0.000   100.000    clk
    E3                   IBUF (Prop_ibuf_I_O)         1.411   101.411 r  clk_IBUF_inst/O
                         net (fo=1, routed)           1.920   103.331    clk_IBUF
    BUFGCTRL_X0Y16       BUFG (Prop_bufg_I_O)         0.091   103.422 r  clk_IBUF_BUFG_inst/O
                         net (fo=88, routed)          1.489   104.911    U8_clk_div/clk
    SLICE_X52Y102        FDCE                                         r  U8_clk_div/clkdiv_reg[29]/C
                         clock pessimism              0.180   105.091    
                         clock uncertainty           -0.035   105.056    
    SLICE_X52Y102        FDCE (Setup_fdce_C_D)        0.062   105.118    U8_clk_div/clkdiv_reg[29]
  -------------------------------------------------------------------
                         required time                        105.118    
                         arrival time                          -9.583    
  -------------------------------------------------------------------
                         slack                                 95.535    

Slack (MET) :             95.556ns  (required time - arrival time)
  Source:                 U8_clk_div/clkdiv_reg[10]/C
                            (rising edge-triggered cell FDCE clocked by sys_clk_pin  {rise@0.000ns fall@50.000ns period=100.000ns})
  Destination:            U8_clk_div/clkdiv_reg[31]/D
                            (rising edge-triggered cell FDCE clocked by sys_clk_pin  {rise@0.000ns fall@50.000ns period=100.000ns})
  Path Group:             sys_clk_pin
  Path Type:              Setup (Max at Slow Process Corner)
  Requirement:            100.000ns  (sys_clk_pin rise@100.000ns - sys_clk_pin rise@0.000ns)
  Data Path Delay:        4.333ns  (logic 1.843ns (42.530%)  route 2.490ns (57.470%))
  Logic Levels:           7  (BUFG=1 CARRY4=6)
  Clock Path Skew:        -0.138ns (DCD - SCD + CPR)
    Destination Clock Delay (DCD):    4.911ns = ( 104.911 - 100.000 ) 
    Source Clock Delay      (SCD):    5.229ns
    Clock Pessimism Removal (CPR):    0.180ns
  Clock Uncertainty:      0.035ns  ((TSJ^2 + TIJ^2)^1/2 + DJ) / 2 + PE
    Total System Jitter     (TSJ):    0.071ns
    Total Input Jitter      (TIJ):    0.000ns
    Discrete Jitter          (DJ):    0.000ns
    Phase Error              (PE):    0.000ns

    Location             Delay type                Incr(ns)  Path(ns)    Netlist Resource(s)
  -------------------------------------------------------------------    -------------------
                         (clock sys_clk_pin rise edge)
                                                      0.000     0.000 r  
    E3                                                0.000     0.000 r  clk (IN)
                         net (fo=0)                   0.000     0.000    clk
    E3                   IBUF (Prop_ibuf_I_O)         1.482     1.482 r  clk_IBUF_inst/O
                         net (fo=1, routed)           2.025     3.506    clk_IBUF
    BUFGCTRL_X0Y16       BUFG (Prop_bufg_I_O)         0.096     3.602 r  clk_IBUF_BUFG_inst/O
                         net (fo=88, routed)          1.626     5.229    U8_clk_div/clk
    SLICE_X52Y97         FDCE                                         r  U8_clk_div/clkdiv_reg[10]/C
  -------------------------------------------------------------------    -------------------
    SLICE_X52Y97         FDCE (Prop_fdce_C_Q)         0.456     5.685 r  U8_clk_div/clkdiv_reg[10]/Q
                         net (fo=1, routed)           0.710     6.395    clkdiv[10]
    BUFGCTRL_X0Y2        BUFG (Prop_bufg_I_O)         0.096     6.491 r  clkdiv_BUFG[10]_inst/O
                         net (fo=49, routed)          1.779     8.270    U8_clk_div/S[0]
    SLICE_X52Y97         CARRY4 (Prop_carry4_S[2]_CO[3])
                                                      0.522     8.792 r  U8_clk_div/clkdiv_reg[8]_i_1/CO[3]
                         net (fo=1, routed)           0.000     8.792    U8_clk_div/clkdiv_reg[8]_i_1_n_0
    SLICE_X52Y98         CARRY4 (Prop_carry4_CI_CO[3])
                                                      0.114     8.906 r  U8_clk_div/clkdiv_reg[12]_i_1/CO[3]
                         net (fo=1, routed)           0.000     8.906    U8_clk_div/clkdiv_reg[12]_i_1_n_0
    SLICE_X52Y99         CARRY4 (Prop_carry4_CI_CO[3])
                                                      0.114     9.020 r  U8_clk_div/clkdiv_reg[16]_i_1/CO[3]
                         net (fo=1, routed)           0.001     9.021    U8_clk_div/clkdiv_reg[16]_i_1_n_0
    SLICE_X52Y100        CARRY4 (Prop_carry4_CI_CO[3])
                                                      0.114     9.135 r  U8_clk_div/clkdiv_reg[20]_i_1/CO[3]
                         net (fo=1, routed)           0.000     9.135    U8_clk_div/clkdiv_reg[20]_i_1_n_0
    SLICE_X52Y101        CARRY4 (Prop_carry4_CI_CO[3])
                                                      0.114     9.249 r  U8_clk_div/clkdiv_reg[24]_i_1/CO[3]
                         net (fo=1, routed)           0.000     9.249    U8_clk_div/clkdiv_reg[24]_i_1_n_0
    SLICE_X52Y102        CARRY4 (Prop_carry4_CI_O[3])
                                                      0.313     9.562 r  U8_clk_div/clkdiv_reg[28]_i_1/O[3]
                         net (fo=1, routed)           0.000     9.562    U8_clk_div/clkdiv_reg[28]_i_1_n_4
    SLICE_X52Y102        FDCE                                         r  U8_clk_div/clkdiv_reg[31]/D
  -------------------------------------------------------------------    -------------------

                         (clock sys_clk_pin rise edge)
                                                    100.000   100.000 r  
    E3                                                0.000   100.000 r  clk (IN)
                         net (fo=0)                   0.000   100.000    clk
    E3                   IBUF (Prop_ibuf_I_O)         1.411   101.411 r  clk_IBUF_inst/O
                         net (fo=1, routed)           1.920   103.331    clk_IBUF
    BUFGCTRL_X0Y16       BUFG (Prop_bufg_I_O)         0.091   103.422 r  clk_IBUF_BUFG_inst/O
                         net (fo=88, routed)          1.489   104.911    U8_clk_div/clk
    SLICE_X52Y102        FDCE                                         r  U8_clk_div/clkdiv_reg[31]/C
                         clock pessimism              0.180   105.091    
                         clock uncertainty           -0.035   105.056    
    SLICE_X52Y102        FDCE (Setup_fdce_C_D)        0.062   105.118    U8_clk_div/clkdiv_reg[31]
  -------------------------------------------------------------------
                         required time                        105.118    
                         arrival time                          -9.562    
  -------------------------------------------------------------------
                         slack                                 95.556    

Slack (MET) :             95.630ns  (required time - arrival time)
  Source:                 U8_clk_div/clkdiv_reg[10]/C
                            (rising edge-triggered cell FDCE clocked by sys_clk_pin  {rise@0.000ns fall@50.000ns period=100.000ns})
  Destination:            U8_clk_div/clkdiv_reg[30]/D
                            (rising edge-triggered cell FDCE clocked by sys_clk_pin  {rise@0.000ns fall@50.000ns period=100.000ns})
  Path Group:             sys_clk_pin
  Path Type:              Setup (Max at Slow Process Corner)
  Requirement:            100.000ns  (sys_clk_pin rise@100.000ns - sys_clk_pin rise@0.000ns)
  Data Path Delay:        4.259ns  (logic 1.769ns (41.532%)  route 2.490ns (58.468%))
  Logic Levels:           7  (BUFG=1 CARRY4=6)
  Clock Path Skew:        -0.138ns (DCD - SCD + CPR)
    Destination Clock Delay (DCD):    4.911ns = ( 104.911 - 100.000 ) 
    Source Clock Delay      (SCD):    5.229ns
    Clock Pessimism Removal (CPR):    0.180ns
  Clock Uncertainty:      0.035ns  ((TSJ^2 + TIJ^2)^1/2 + DJ) / 2 + PE
    Total System Jitter     (TSJ):    0.071ns
    Total Input Jitter      (TIJ):    0.000ns
    Discrete Jitter          (DJ):    0.000ns
    Phase Error              (PE):    0.000ns

    Location             Delay type                Incr(ns)  Path(ns)    Netlist Resource(s)
  -------------------------------------------------------------------    -------------------
                         (clock sys_clk_pin rise edge)
                                                      0.000     0.000 r  
    E3                                                0.000     0.000 r  clk (IN)
                         net (fo=0)                   0.000     0.000    clk
    E3                   IBUF (Prop_ibuf_I_O)         1.482     1.482 r  clk_IBUF_inst/O
                         net (fo=1, routed)           2.025     3.506    clk_IBUF
    BUFGCTRL_X0Y16       BUFG (Prop_bufg_I_O)         0.096     3.602 r  clk_IBUF_BUFG_inst/O
                         net (fo=88, routed)          1.626     5.229    U8_clk_div/clk
    SLICE_X52Y97         FDCE                                         r  U8_clk_div/clkdiv_reg[10]/C
  -------------------------------------------------------------------    -------------------
    SLICE_X52Y97         FDCE (Prop_fdce_C_Q)         0.456     5.685 r  U8_clk_div/clkdiv_reg[10]/Q
                         net (fo=1, routed)           0.710     6.395    clkdiv[10]
    BUFGCTRL_X0Y2        BUFG (Prop_bufg_I_O)         0.096     6.491 r  clkdiv_BUFG[10]_inst/O
                         net (fo=49, routed)          1.779     8.270    U8_clk_div/S[0]
    SLICE_X52Y97         CARRY4 (Prop_carry4_S[2]_CO[3])
                                                      0.522     8.792 r  U8_clk_div/clkdiv_reg[8]_i_1/CO[3]
                         net (fo=1, routed)           0.000     8.792    U8_clk_div/clkdiv_reg[8]_i_1_n_0
    SLICE_X52Y98         CARRY4 (Prop_carry4_CI_CO[3])
                                                      0.114     8.906 r  U8_clk_div/clkdiv_reg[12]_i_1/CO[3]
                         net (fo=1, routed)           0.000     8.906    U8_clk_div/clkdiv_reg[12]_i_1_n_0
    SLICE_X52Y99         CARRY4 (Prop_carry4_CI_CO[3])
                                                      0.114     9.020 r  U8_clk_div/clkdiv_reg[16]_i_1/CO[3]
                         net (fo=1, routed)           0.001     9.021    U8_clk_div/clkdiv_reg[16]_i_1_n_0
    SLICE_X52Y100        CARRY4 (Prop_carry4_CI_CO[3])
                                                      0.114     9.135 r  U8_clk_div/clkdiv_reg[20]_i_1/CO[3]
                         net (fo=1, routed)           0.000     9.135    U8_clk_div/clkdiv_reg[20]_i_1_n_0
    SLICE_X52Y101        CARRY4 (Prop_carry4_CI_CO[3])
                                                      0.114     9.249 r  U8_clk_div/clkdiv_reg[24]_i_1/CO[3]
                         net (fo=1, routed)           0.000     9.249    U8_clk_div/clkdiv_reg[24]_i_1_n_0
    SLICE_X52Y102        CARRY4 (Prop_carry4_CI_O[2])
                                                      0.239     9.488 r  U8_clk_div/clkdiv_reg[28]_i_1/O[2]
                         net (fo=1, routed)           0.000     9.488    U8_clk_div/clkdiv_reg[28]_i_1_n_5
    SLICE_X52Y102        FDCE                                         r  U8_clk_div/clkdiv_reg[30]/D
  -------------------------------------------------------------------    -------------------

                         (clock sys_clk_pin rise edge)
                                                    100.000   100.000 r  
    E3                                                0.000   100.000 r  clk (IN)
                         net (fo=0)                   0.000   100.000    clk
    E3                   IBUF (Prop_ibuf_I_O)         1.411   101.411 r  clk_IBUF_inst/O
                         net (fo=1, routed)           1.920   103.331    clk_IBUF
    BUFGCTRL_X0Y16       BUFG (Prop_bufg_I_O)         0.091   103.422 r  clk_IBUF_BUFG_inst/O
                         net (fo=88, routed)          1.489   104.911    U8_clk_div/clk
    SLICE_X52Y102        FDCE                                         r  U8_clk_div/clkdiv_reg[30]/C
                         clock pessimism              0.180   105.091    
                         clock uncertainty           -0.035   105.056    
    SLICE_X52Y102        FDCE (Setup_fdce_C_D)        0.062   105.118    U8_clk_div/clkdiv_reg[30]
  -------------------------------------------------------------------
                         required time                        105.118    
                         arrival time                          -9.488    
  -------------------------------------------------------------------
                         slack                                 95.630    

Slack (MET) :             95.646ns  (required time - arrival time)
  Source:                 U8_clk_div/clkdiv_reg[10]/C
                            (rising edge-triggered cell FDCE clocked by sys_clk_pin  {rise@0.000ns fall@50.000ns period=100.000ns})
  Destination:            U8_clk_div/clkdiv_reg[28]/D
                            (rising edge-triggered cell FDCE clocked by sys_clk_pin  {rise@0.000ns fall@50.000ns period=100.000ns})
  Path Group:             sys_clk_pin
  Path Type:              Setup (Max at Slow Process Corner)
  Requirement:            100.000ns  (sys_clk_pin rise@100.000ns - sys_clk_pin rise@0.000ns)
  Data Path Delay:        4.243ns  (logic 1.753ns (41.311%)  route 2.490ns (58.689%))
  Logic Levels:           7  (BUFG=1 CARRY4=6)
  Clock Path Skew:        -0.138ns (DCD - SCD + CPR)
    Destination Clock Delay (DCD):    4.911ns = ( 104.911 - 100.000 ) 
    Source Clock Delay      (SCD):    5.229ns
    Clock Pessimism Removal (CPR):    0.180ns
  Clock Uncertainty:      0.035ns  ((TSJ^2 + TIJ^2)^1/2 + DJ) / 2 + PE
    Total System Jitter     (TSJ):    0.071ns
    Total Input Jitter      (TIJ):    0.000ns
    Discrete Jitter          (DJ):    0.000ns
    Phase Error              (PE):    0.000ns

    Location             Delay type                Incr(ns)  Path(ns)    Netlist Resource(s)
  -------------------------------------------------------------------    -------------------
                         (clock sys_clk_pin rise edge)
                                                      0.000     0.000 r  
    E3                                                0.000     0.000 r  clk (IN)
                         net (fo=0)                   0.000     0.000    clk
    E3                   IBUF (Prop_ibuf_I_O)         1.482     1.482 r  clk_IBUF_inst/O
                         net (fo=1, routed)           2.025     3.506    clk_IBUF
    BUFGCTRL_X0Y16       BUFG (Prop_bufg_I_O)         0.096     3.602 r  clk_IBUF_BUFG_inst/O
                         net (fo=88, routed)          1.626     5.229    U8_clk_div/clk
    SLICE_X52Y97         FDCE                                         r  U8_clk_div/clkdiv_reg[10]/C
  -------------------------------------------------------------------    -------------------
    SLICE_X52Y97         FDCE (Prop_fdce_C_Q)         0.456     5.685 r  U8_clk_div/clkdiv_reg[10]/Q
                         net (fo=1, routed)           0.710     6.395    clkdiv[10]
    BUFGCTRL_X0Y2        BUFG (Prop_bufg_I_O)         0.096     6.491 r  clkdiv_BUFG[10]_inst/O
                         net (fo=49, routed)          1.779     8.270    U8_clk_div/S[0]
    SLICE_X52Y97         CARRY4 (Prop_carry4_S[2]_CO[3])
                                                      0.522     8.792 r  U8_clk_div/clkdiv_reg[8]_i_1/CO[3]
                         net (fo=1, routed)           0.000     8.792    U8_clk_div/clkdiv_reg[8]_i_1_n_0
    SLICE_X52Y98         CARRY4 (Prop_carry4_CI_CO[3])
                                                      0.114     8.906 r  U8_clk_div/clkdiv_reg[12]_i_1/CO[3]
                         net (fo=1, routed)           0.000     8.906    U8_clk_div/clkdiv_reg[12]_i_1_n_0
    SLICE_X52Y99         CARRY4 (Prop_carry4_CI_CO[3])
                                                      0.114     9.020 r  U8_clk_div/clkdiv_reg[16]_i_1/CO[3]
                         net (fo=1, routed)           0.001     9.021    U8_clk_div/clkdiv_reg[16]_i_1_n_0
    SLICE_X52Y100        CARRY4 (Prop_carry4_CI_CO[3])
                                                      0.114     9.135 r  U8_clk_div/clkdiv_reg[20]_i_1/CO[3]
                         net (fo=1, routed)           0.000     9.135    U8_clk_div/clkdiv_reg[20]_i_1_n_0
    SLICE_X52Y101        CARRY4 (Prop_carry4_CI_CO[3])
                                                      0.114     9.249 r  U8_clk_div/clkdiv_reg[24]_i_1/CO[3]
                         net (fo=1, routed)           0.000     9.249    U8_clk_div/clkdiv_reg[24]_i_1_n_0
    SLICE_X52Y102        CARRY4 (Prop_carry4_CI_O[0])
                                                      0.223     9.472 r  U8_clk_div/clkdiv_reg[28]_i_1/O[0]
                         net (fo=1, routed)           0.000     9.472    U8_clk_div/clkdiv_reg[28]_i_1_n_7
    SLICE_X52Y102        FDCE                                         r  U8_clk_div/clkdiv_reg[28]/D
  -------------------------------------------------------------------    -------------------

                         (clock sys_clk_pin rise edge)
                                                    100.000   100.000 r  
    E3                                                0.000   100.000 r  clk (IN)
                         net (fo=0)                   0.000   100.000    clk
    E3                   IBUF (Prop_ibuf_I_O)         1.411   101.411 r  clk_IBUF_inst/O
                         net (fo=1, routed)           1.920   103.331    clk_IBUF
    BUFGCTRL_X0Y16       BUFG (Prop_bufg_I_O)         0.091   103.422 r  clk_IBUF_BUFG_inst/O
                         net (fo=88, routed)          1.489   104.911    U8_clk_div/clk
    SLICE_X52Y102        FDCE                                         r  U8_clk_div/clkdiv_reg[28]/C
                         clock pessimism              0.180   105.091    
                         clock uncertainty           -0.035   105.056    
    SLICE_X52Y102        FDCE (Setup_fdce_C_D)        0.062   105.118    U8_clk_div/clkdiv_reg[28]
  -------------------------------------------------------------------
                         required time                        105.118    
                         arrival time                          -9.472    
  -------------------------------------------------------------------
                         slack                                 95.646    

Slack (MET) :             95.649ns  (required time - arrival time)
  Source:                 U8_clk_div/clkdiv_reg[10]/C
                            (rising edge-triggered cell FDCE clocked by sys_clk_pin  {rise@0.000ns fall@50.000ns period=100.000ns})
  Destination:            U8_clk_div/clkdiv_reg[25]/D
                            (rising edge-triggered cell FDCE clocked by sys_clk_pin  {rise@0.000ns fall@50.000ns period=100.000ns})
  Path Group:             sys_clk_pin
  Path Type:              Setup (Max at Slow Process Corner)
  Requirement:            100.000ns  (sys_clk_pin rise@100.000ns - sys_clk_pin rise@0.000ns)
  Data Path Delay:        4.240ns  (logic 1.750ns (41.270%)  route 2.490ns (58.730%))
  Logic Levels:           6  (BUFG=1 CARRY4=5)
  Clock Path Skew:        -0.138ns (DCD - SCD + CPR)
    Destination Clock Delay (DCD):    4.911ns = ( 104.911 - 100.000 ) 
    Source Clock Delay      (SCD):    5.229ns
    Clock Pessimism Removal (CPR):    0.180ns
  Clock Uncertainty:      0.035ns  ((TSJ^2 + TIJ^2)^1/2 + DJ) / 2 + PE
    Total System Jitter     (TSJ):    0.071ns
    Total Input Jitter      (TIJ):    0.000ns
    Discrete Jitter          (DJ):    0.000ns
    Phase Error              (PE):    0.000ns

    Location             Delay type                Incr(ns)  Path(ns)    Netlist Resource(s)
  -------------------------------------------------------------------    -------------------
                         (clock sys_clk_pin rise edge)
                                                      0.000     0.000 r  
    E3                                                0.000     0.000 r  clk (IN)
                         net (fo=0)                   0.000     0.000    clk
    E3                   IBUF (Prop_ibuf_I_O)         1.482     1.482 r  clk_IBUF_inst/O
                         net (fo=1, routed)           2.025     3.506    clk_IBUF
    BUFGCTRL_X0Y16       BUFG (Prop_bufg_I_O)         0.096     3.602 r  clk_IBUF_BUFG_inst/O
                         net (fo=88, routed)          1.626     5.229    U8_clk_div/clk
    SLICE_X52Y97         FDCE                                         r  U8_clk_div/clkdiv_reg[10]/C
  -------------------------------------------------------------------    -------------------
    SLICE_X52Y97         FDCE (Prop_fdce_C_Q)         0.456     5.685 r  U8_clk_div/clkdiv_reg[10]/Q
                         net (fo=1, routed)           0.710     6.395    clkdiv[10]
    BUFGCTRL_X0Y2        BUFG (Prop_bufg_I_O)         0.096     6.491 r  clkdiv_BUFG[10]_inst/O
                         net (fo=49, routed)          1.779     8.270    U8_clk_div/S[0]
    SLICE_X52Y97         CARRY4 (Prop_carry4_S[2]_CO[3])
                                                      0.522     8.792 r  U8_clk_div/clkdiv_reg[8]_i_1/CO[3]
                         net (fo=1, routed)           0.000     8.792    U8_clk_div/clkdiv_reg[8]_i_1_n_0
    SLICE_X52Y98         CARRY4 (Prop_carry4_CI_CO[3])
                                                      0.114     8.906 r  U8_clk_div/clkdiv_reg[12]_i_1/CO[3]
                         net (fo=1, routed)           0.000     8.906    U8_clk_div/clkdiv_reg[12]_i_1_n_0
    SLICE_X52Y99         CARRY4 (Prop_carry4_CI_CO[3])
                                                      0.114     9.020 r  U8_clk_div/clkdiv_reg[16]_i_1/CO[3]
                         net (fo=1, routed)           0.001     9.021    U8_clk_div/clkdiv_reg[16]_i_1_n_0
    SLICE_X52Y100        CARRY4 (Prop_carry4_CI_CO[3])
                                                      0.114     9.135 r  U8_clk_div/clkdiv_reg[20]_i_1/CO[3]
                         net (fo=1, routed)           0.000     9.135    U8_clk_div/clkdiv_reg[20]_i_1_n_0
    SLICE_X52Y101        CARRY4 (Prop_carry4_CI_O[1])
                                                      0.334     9.469 r  U8_clk_div/clkdiv_reg[24]_i_1/O[1]
                         net (fo=1, routed)           0.000     9.469    U8_clk_div/clkdiv_reg[24]_i_1_n_6
    SLICE_X52Y101        FDCE                                         r  U8_clk_div/clkdiv_reg[25]/D
  -------------------------------------------------------------------    -------------------

                         (clock sys_clk_pin rise edge)
                                                    100.000   100.000 r  
    E3                                                0.000   100.000 r  clk (IN)
                         net (fo=0)                   0.000   100.000    clk
    E3                   IBUF (Prop_ibuf_I_O)         1.411   101.411 r  clk_IBUF_inst/O
                         net (fo=1, routed)           1.920   103.331    clk_IBUF
    BUFGCTRL_X0Y16       BUFG (Prop_bufg_I_O)         0.091   103.422 r  clk_IBUF_BUFG_inst/O
                         net (fo=88, routed)          1.489   104.911    U8_clk_div/clk
    SLICE_X52Y101        FDCE                                         r  U8_clk_div/clkdiv_reg[25]/C
                         clock pessimism              0.180   105.091    
                         clock uncertainty           -0.035   105.056    
    SLICE_X52Y101        FDCE (Setup_fdce_C_D)        0.062   105.118    U8_clk_div/clkdiv_reg[25]
  -------------------------------------------------------------------
                         required time                        105.118    
                         arrival time                          -9.469    
  -------------------------------------------------------------------
                         slack                                 95.649    

Slack (MET) :             95.670ns  (required time - arrival time)
  Source:                 U8_clk_div/clkdiv_reg[10]/C
                            (rising edge-triggered cell FDCE clocked by sys_clk_pin  {rise@0.000ns fall@50.000ns period=100.000ns})
  Destination:            U8_clk_div/clkdiv_reg[27]/D
                            (rising edge-triggered cell FDCE clocked by sys_clk_pin  {rise@0.000ns fall@50.000ns period=100.000ns})
  Path Group:             sys_clk_pin
  Path Type:              Setup (Max at Slow Process Corner)
  Requirement:            100.000ns  (sys_clk_pin rise@100.000ns - sys_clk_pin rise@0.000ns)
  Data Path Delay:        4.219ns  (logic 1.729ns (40.977%)  route 2.490ns (59.023%))
  Logic Levels:           6  (BUFG=1 CARRY4=5)
  Clock Path Skew:        -0.138ns (DCD - SCD + CPR)
    Destination Clock Delay (DCD):    4.911ns = ( 104.911 - 100.000 ) 
    Source Clock Delay      (SCD):    5.229ns
    Clock Pessimism Removal (CPR):    0.180ns
  Clock Uncertainty:      0.035ns  ((TSJ^2 + TIJ^2)^1/2 + DJ) / 2 + PE
    Total System Jitter     (TSJ):    0.071ns
    Total Input Jitter      (TIJ):    0.000ns
    Discrete Jitter          (DJ):    0.000ns
    Phase Error              (PE):    0.000ns

    Location             Delay type                Incr(ns)  Path(ns)    Netlist Resource(s)
  -------------------------------------------------------------------    -------------------
                         (clock sys_clk_pin rise edge)
                                                      0.000     0.000 r  
    E3                                                0.000     0.000 r  clk (IN)
                         net (fo=0)                   0.000     0.000    clk
    E3                   IBUF (Prop_ibuf_I_O)         1.482     1.482 r  clk_IBUF_inst/O
                         net (fo=1, routed)           2.025     3.506    clk_IBUF
    BUFGCTRL_X0Y16       BUFG (Prop_bufg_I_O)         0.096     3.602 r  clk_IBUF_BUFG_inst/O
                         net (fo=88, routed)          1.626     5.229    U8_clk_div/clk
    SLICE_X52Y97         FDCE                                         r  U8_clk_div/clkdiv_reg[10]/C
  -------------------------------------------------------------------    -------------------
    SLICE_X52Y97         FDCE (Prop_fdce_C_Q)         0.456     5.685 r  U8_clk_div/clkdiv_reg[10]/Q
                         net (fo=1, routed)           0.710     6.395    clkdiv[10]
    BUFGCTRL_X0Y2        BUFG (Prop_bufg_I_O)         0.096     6.491 r  clkdiv_BUFG[10]_inst/O
                         net (fo=49, routed)          1.779     8.270    U8_clk_div/S[0]
    SLICE_X52Y97         CARRY4 (Prop_carry4_S[2]_CO[3])
                                                      0.522     8.792 r  U8_clk_div/clkdiv_reg[8]_i_1/CO[3]
                         net (fo=1, routed)           0.000     8.792    U8_clk_div/clkdiv_reg[8]_i_1_n_0
    SLICE_X52Y98         CARRY4 (Prop_carry4_CI_CO[3])
                                                      0.114     8.906 r  U8_clk_div/clkdiv_reg[12]_i_1/CO[3]
                         net (fo=1, routed)           0.000     8.906    U8_clk_div/clkdiv_reg[12]_i_1_n_0
    SLICE_X52Y99         CARRY4 (Prop_carry4_CI_CO[3])
                                                      0.114     9.020 r  U8_clk_div/clkdiv_reg[16]_i_1/CO[3]
                         net (fo=1, routed)           0.001     9.021    U8_clk_div/clkdiv_reg[16]_i_1_n_0
    SLICE_X52Y100        CARRY4 (Prop_carry4_CI_CO[3])
                                                      0.114     9.135 r  U8_clk_div/clkdiv_reg[20]_i_1/CO[3]
                         net (fo=1, routed)           0.000     9.135    U8_clk_div/clkdiv_reg[20]_i_1_n_0
    SLICE_X52Y101        CARRY4 (Prop_carry4_CI_O[3])
                                                      0.313     9.448 r  U8_clk_div/clkdiv_reg[24]_i_1/O[3]
                         net (fo=1, routed)           0.000     9.448    U8_clk_div/clkdiv_reg[24]_i_1_n_4
    SLICE_X52Y101        FDCE                                         r  U8_clk_div/clkdiv_reg[27]/D
  -------------------------------------------------------------------    -------------------

                         (clock sys_clk_pin rise edge)
                                                    100.000   100.000 r  
    E3                                                0.000   100.000 r  clk (IN)
                         net (fo=0)                   0.000   100.000    clk
    E3                   IBUF (Prop_ibuf_I_O)         1.411   101.411 r  clk_IBUF_inst/O
                         net (fo=1, routed)           1.920   103.331    clk_IBUF
    BUFGCTRL_X0Y16       BUFG (Prop_bufg_I_O)         0.091   103.422 r  clk_IBUF_BUFG_inst/O
                         net (fo=88, routed)          1.489   104.911    U8_clk_div/clk
    SLICE_X52Y101        FDCE                                         r  U8_clk_div/clkdiv_reg[27]/C
                         clock pessimism              0.180   105.091    
                         clock uncertainty           -0.035   105.056    
    SLICE_X52Y101        FDCE (Setup_fdce_C_D)        0.062   105.118    U8_clk_div/clkdiv_reg[27]
  -------------------------------------------------------------------
                         required time                        105.118    
                         arrival time                          -9.448    
  -------------------------------------------------------------------
                         slack                                 95.670    

Slack (MET) :             95.744ns  (required time - arrival time)
  Source:                 U8_clk_div/clkdiv_reg[10]/C
                            (rising edge-triggered cell FDCE clocked by sys_clk_pin  {rise@0.000ns fall@50.000ns period=100.000ns})
  Destination:            U8_clk_div/clkdiv_reg[26]/D
                            (rising edge-triggered cell FDCE clocked by sys_clk_pin  {rise@0.000ns fall@50.000ns period=100.000ns})
  Path Group:             sys_clk_pin
  Path Type:              Setup (Max at Slow Process Corner)
  Requirement:            100.000ns  (sys_clk_pin rise@100.000ns - sys_clk_pin rise@0.000ns)
  Data Path Delay:        4.145ns  (logic 1.655ns (39.924%)  route 2.490ns (60.076%))
  Logic Levels:           6  (BUFG=1 CARRY4=5)
  Clock Path Skew:        -0.138ns (DCD - SCD + CPR)
    Destination Clock Delay (DCD):    4.911ns = ( 104.911 - 100.000 ) 
    Source Clock Delay      (SCD):    5.229ns
    Clock Pessimism Removal (CPR):    0.180ns
  Clock Uncertainty:      0.035ns  ((TSJ^2 + TIJ^2)^1/2 + DJ) / 2 + PE
    Total System Jitter     (TSJ):    0.071ns
    Total Input Jitter      (TIJ):    0.000ns
    Discrete Jitter          (DJ):    0.000ns
    Phase Error              (PE):    0.000ns

    Location             Delay type                Incr(ns)  Path(ns)    Netlist Resource(s)
  -------------------------------------------------------------------    -------------------
                         (clock sys_clk_pin rise edge)
                                                      0.000     0.000 r  
    E3                                                0.000     0.000 r  clk (IN)
                         net (fo=0)                   0.000     0.000    clk
    E3                   IBUF (Prop_ibuf_I_O)         1.482     1.482 r  clk_IBUF_inst/O
                         net (fo=1, routed)           2.025     3.506    clk_IBUF
    BUFGCTRL_X0Y16       BUFG (Prop_bufg_I_O)         0.096     3.602 r  clk_IBUF_BUFG_inst/O
                         net (fo=88, routed)          1.626     5.229    U8_clk_div/clk
    SLICE_X52Y97         FDCE                                         r  U8_clk_div/clkdiv_reg[10]/C
  -------------------------------------------------------------------    -------------------
    SLICE_X52Y97         FDCE (Prop_fdce_C_Q)         0.456     5.685 r  U8_clk_div/clkdiv_reg[10]/Q
                         net (fo=1, routed)           0.710     6.395    clkdiv[10]
    BUFGCTRL_X0Y2        BUFG (Prop_bufg_I_O)         0.096     6.491 r  clkdiv_BUFG[10]_inst/O
                         net (fo=49, routed)          1.779     8.270    U8_clk_div/S[0]
    SLICE_X52Y97         CARRY4 (Prop_carry4_S[2]_CO[3])
                                                      0.522     8.792 r  U8_clk_div/clkdiv_reg[8]_i_1/CO[3]
                         net (fo=1, routed)           0.000     8.792    U8_clk_div/clkdiv_reg[8]_i_1_n_0
    SLICE_X52Y98         CARRY4 (Prop_carry4_CI_CO[3])
                                                      0.114     8.906 r  U8_clk_div/clkdiv_reg[12]_i_1/CO[3]
                         net (fo=1, routed)           0.000     8.906    U8_clk_div/clkdiv_reg[12]_i_1_n_0
    SLICE_X52Y99         CARRY4 (Prop_carry4_CI_CO[3])
                                                      0.114     9.020 r  U8_clk_div/clkdiv_reg[16]_i_1/CO[3]
                         net (fo=1, routed)           0.001     9.021    U8_clk_div/clkdiv_reg[16]_i_1_n_0
    SLICE_X52Y100        CARRY4 (Prop_carry4_CI_CO[3])
                                                      0.114     9.135 r  U8_clk_div/clkdiv_reg[20]_i_1/CO[3]
                         net (fo=1, routed)           0.000     9.135    U8_clk_div/clkdiv_reg[20]_i_1_n_0
    SLICE_X52Y101        CARRY4 (Prop_carry4_CI_O[2])
                                                      0.239     9.374 r  U8_clk_div/clkdiv_reg[24]_i_1/O[2]
                         net (fo=1, routed)           0.000     9.374    U8_clk_div/clkdiv_reg[24]_i_1_n_5
    SLICE_X52Y101        FDCE                                         r  U8_clk_div/clkdiv_reg[26]/D
  -------------------------------------------------------------------    -------------------

                         (clock sys_clk_pin rise edge)
                                                    100.000   100.000 r  
    E3                                                0.000   100.000 r  clk (IN)
                         net (fo=0)                   0.000   100.000    clk
    E3                   IBUF (Prop_ibuf_I_O)         1.411   101.411 r  clk_IBUF_inst/O
                         net (fo=1, routed)           1.920   103.331    clk_IBUF
    BUFGCTRL_X0Y16       BUFG (Prop_bufg_I_O)         0.091   103.422 r  clk_IBUF_BUFG_inst/O
                         net (fo=88, routed)          1.489   104.911    U8_clk_div/clk
    SLICE_X52Y101        FDCE                                         r  U8_clk_div/clkdiv_reg[26]/C
                         clock pessimism              0.180   105.091    
                         clock uncertainty           -0.035   105.056    
    SLICE_X52Y101        FDCE (Setup_fdce_C_D)        0.062   105.118    U8_clk_div/clkdiv_reg[26]
  -------------------------------------------------------------------
                         required time                        105.118    
                         arrival time                          -9.374    
  -------------------------------------------------------------------
                         slack                                 95.744    

Slack (MET) :             95.760ns  (required time - arrival time)
  Source:                 U8_clk_div/clkdiv_reg[10]/C
                            (rising edge-triggered cell FDCE clocked by sys_clk_pin  {rise@0.000ns fall@50.000ns period=100.000ns})
  Destination:            U8_clk_div/clkdiv_reg[24]/D
                            (rising edge-triggered cell FDCE clocked by sys_clk_pin  {rise@0.000ns fall@50.000ns period=100.000ns})
  Path Group:             sys_clk_pin
  Path Type:              Setup (Max at Slow Process Corner)
  Requirement:            100.000ns  (sys_clk_pin rise@100.000ns - sys_clk_pin rise@0.000ns)
  Data Path Delay:        4.129ns  (logic 1.639ns (39.691%)  route 2.490ns (60.309%))
  Logic Levels:           6  (BUFG=1 CARRY4=5)
  Clock Path Skew:        -0.138ns (DCD - SCD + CPR)
    Destination Clock Delay (DCD):    4.911ns = ( 104.911 - 100.000 ) 
    Source Clock Delay      (SCD):    5.229ns
    Clock Pessimism Removal (CPR):    0.180ns
  Clock Uncertainty:      0.035ns  ((TSJ^2 + TIJ^2)^1/2 + DJ) / 2 + PE
    Total System Jitter     (TSJ):    0.071ns
    Total Input Jitter      (TIJ):    0.000ns
    Discrete Jitter          (DJ):    0.000ns
    Phase Error              (PE):    0.000ns

    Location             Delay type                Incr(ns)  Path(ns)    Netlist Resource(s)
  -------------------------------------------------------------------    -------------------
                         (clock sys_clk_pin rise edge)
                                                      0.000     0.000 r  
    E3                                                0.000     0.000 r  clk (IN)
                         net (fo=0)                   0.000     0.000    clk
    E3                   IBUF (Prop_ibuf_I_O)         1.482     1.482 r  clk_IBUF_inst/O
                         net (fo=1, routed)           2.025     3.506    clk_IBUF
    BUFGCTRL_X0Y16       BUFG (Prop_bufg_I_O)         0.096     3.602 r  clk_IBUF_BUFG_inst/O
                         net (fo=88, routed)          1.626     5.229    U8_clk_div/clk
    SLICE_X52Y97         FDCE                                         r  U8_clk_div/clkdiv_reg[10]/C
  -------------------------------------------------------------------    -------------------
    SLICE_X52Y97         FDCE (Prop_fdce_C_Q)         0.456     5.685 r  U8_clk_div/clkdiv_reg[10]/Q
                         net (fo=1, routed)           0.710     6.395    clkdiv[10]
    BUFGCTRL_X0Y2        BUFG (Prop_bufg_I_O)         0.096     6.491 r  clkdiv_BUFG[10]_inst/O
                         net (fo=49, routed)          1.779     8.270    U8_clk_div/S[0]
    SLICE_X52Y97         CARRY4 (Prop_carry4_S[2]_CO[3])
                                                      0.522     8.792 r  U8_clk_div/clkdiv_reg[8]_i_1/CO[3]
                         net (fo=1, routed)           0.000     8.792    U8_clk_div/clkdiv_reg[8]_i_1_n_0
    SLICE_X52Y98         CARRY4 (Prop_carry4_CI_CO[3])
                                                      0.114     8.906 r  U8_clk_div/clkdiv_reg[12]_i_1/CO[3]
                         net (fo=1, routed)           0.000     8.906    U8_clk_div/clkdiv_reg[12]_i_1_n_0
    SLICE_X52Y99         CARRY4 (Prop_carry4_CI_CO[3])
                                                      0.114     9.020 r  U8_clk_div/clkdiv_reg[16]_i_1/CO[3]
                         net (fo=1, routed)           0.001     9.021    U8_clk_div/clkdiv_reg[16]_i_1_n_0
    SLICE_X52Y100        CARRY4 (Prop_carry4_CI_CO[3])
                                                      0.114     9.135 r  U8_clk_div/clkdiv_reg[20]_i_1/CO[3]
                         net (fo=1, routed)           0.000     9.135    U8_clk_div/clkdiv_reg[20]_i_1_n_0
    SLICE_X52Y101        CARRY4 (Prop_carry4_CI_O[0])
                                                      0.223     9.358 r  U8_clk_div/clkdiv_reg[24]_i_1/O[0]
                         net (fo=1, routed)           0.000     9.358    U8_clk_div/clkdiv_reg[24]_i_1_n_7
    SLICE_X52Y101        FDCE                                         r  U8_clk_div/clkdiv_reg[24]/D
  -------------------------------------------------------------------    -------------------

                         (clock sys_clk_pin rise edge)
                                                    100.000   100.000 r  
    E3                                                0.000   100.000 r  clk (IN)
                         net (fo=0)                   0.000   100.000    clk
    E3                   IBUF (Prop_ibuf_I_O)         1.411   101.411 r  clk_IBUF_inst/O
                         net (fo=1, routed)           1.920   103.331    clk_IBUF
    BUFGCTRL_X0Y16       BUFG (Prop_bufg_I_O)         0.091   103.422 r  clk_IBUF_BUFG_inst/O
                         net (fo=88, routed)          1.489   104.911    U8_clk_div/clk
    SLICE_X52Y101        FDCE                                         r  U8_clk_div/clkdiv_reg[24]/C
                         clock pessimism              0.180   105.091    
                         clock uncertainty           -0.035   105.056    
    SLICE_X52Y101        FDCE (Setup_fdce_C_D)        0.062   105.118    U8_clk_div/clkdiv_reg[24]
  -------------------------------------------------------------------
                         required time                        105.118    
                         arrival time                          -9.358    
  -------------------------------------------------------------------
                         slack                                 95.760    

Slack (MET) :             95.763ns  (required time - arrival time)
  Source:                 U8_clk_div/clkdiv_reg[10]/C
                            (rising edge-triggered cell FDCE clocked by sys_clk_pin  {rise@0.000ns fall@50.000ns period=100.000ns})
  Destination:            U8_clk_div/clkdiv_reg[21]/D
                            (rising edge-triggered cell FDCE clocked by sys_clk_pin  {rise@0.000ns fall@50.000ns period=100.000ns})
  Path Group:             sys_clk_pin
  Path Type:              Setup (Max at Slow Process Corner)
  Requirement:            100.000ns  (sys_clk_pin rise@100.000ns - sys_clk_pin rise@0.000ns)
  Data Path Delay:        4.126ns  (logic 1.636ns (39.647%)  route 2.490ns (60.353%))
  Logic Levels:           5  (BUFG=1 CARRY4=4)
  Clock Path Skew:        -0.138ns (DCD - SCD + CPR)
    Destination Clock Delay (DCD):    4.911ns = ( 104.911 - 100.000 ) 
    Source Clock Delay      (SCD):    5.229ns
    Clock Pessimism Removal (CPR):    0.180ns
  Clock Uncertainty:      0.035ns  ((TSJ^2 + TIJ^2)^1/2 + DJ) / 2 + PE
    Total System Jitter     (TSJ):    0.071ns
    Total Input Jitter      (TIJ):    0.000ns
    Discrete Jitter          (DJ):    0.000ns
    Phase Error              (PE):    0.000ns

    Location             Delay type                Incr(ns)  Path(ns)    Netlist Resource(s)
  -------------------------------------------------------------------    -------------------
                         (clock sys_clk_pin rise edge)
                                                      0.000     0.000 r  
    E3                                                0.000     0.000 r  clk (IN)
                         net (fo=0)                   0.000     0.000    clk
    E3                   IBUF (Prop_ibuf_I_O)         1.482     1.482 r  clk_IBUF_inst/O
                         net (fo=1, routed)           2.025     3.506    clk_IBUF
    BUFGCTRL_X0Y16       BUFG (Prop_bufg_I_O)         0.096     3.602 r  clk_IBUF_BUFG_inst/O
                         net (fo=88, routed)          1.626     5.229    U8_clk_div/clk
    SLICE_X52Y97         FDCE                                         r  U8_clk_div/clkdiv_reg[10]/C
  -------------------------------------------------------------------    -------------------
    SLICE_X52Y97         FDCE (Prop_fdce_C_Q)         0.456     5.685 r  U8_clk_div/clkdiv_reg[10]/Q
                         net (fo=1, routed)           0.710     6.395    clkdiv[10]
    BUFGCTRL_X0Y2        BUFG (Prop_bufg_I_O)         0.096     6.491 r  clkdiv_BUFG[10]_inst/O
                         net (fo=49, routed)          1.779     8.270    U8_clk_div/S[0]
    SLICE_X52Y97         CARRY4 (Prop_carry4_S[2]_CO[3])
                                                      0.522     8.792 r  U8_clk_div/clkdiv_reg[8]_i_1/CO[3]
                         net (fo=1, routed)           0.000     8.792    U8_clk_div/clkdiv_reg[8]_i_1_n_0
    SLICE_X52Y98         CARRY4 (Prop_carry4_CI_CO[3])
                                                      0.114     8.906 r  U8_clk_div/clkdiv_reg[12]_i_1/CO[3]
                         net (fo=1, routed)           0.000     8.906    U8_clk_div/clkdiv_reg[12]_i_1_n_0
    SLICE_X52Y99         CARRY4 (Prop_carry4_CI_CO[3])
                                                      0.114     9.020 r  U8_clk_div/clkdiv_reg[16]_i_1/CO[3]
                         net (fo=1, routed)           0.001     9.021    U8_clk_div/clkdiv_reg[16]_i_1_n_0
    SLICE_X52Y100        CARRY4 (Prop_carry4_CI_O[1])
                                                      0.334     9.355 r  U8_clk_div/clkdiv_reg[20]_i_1/O[1]
                         net (fo=1, routed)           0.000     9.355    U8_clk_div/clkdiv_reg[20]_i_1_n_6
    SLICE_X52Y100        FDCE                                         r  U8_clk_div/clkdiv_reg[21]/D
  -------------------------------------------------------------------    -------------------

                         (clock sys_clk_pin rise edge)
                                                    100.000   100.000 r  
    E3                                                0.000   100.000 r  clk (IN)
                         net (fo=0)                   0.000   100.000    clk
    E3                   IBUF (Prop_ibuf_I_O)         1.411   101.411 r  clk_IBUF_inst/O
                         net (fo=1, routed)           1.920   103.331    clk_IBUF
    BUFGCTRL_X0Y16       BUFG (Prop_bufg_I_O)         0.091   103.422 r  clk_IBUF_BUFG_inst/O
                         net (fo=88, routed)          1.489   104.911    U8_clk_div/clk
    SLICE_X52Y100        FDCE                                         r  U8_clk_div/clkdiv_reg[21]/C
                         clock pessimism              0.180   105.091    
                         clock uncertainty           -0.035   105.056    
    SLICE_X52Y100        FDCE (Setup_fdce_C_D)        0.062   105.118    U8_clk_div/clkdiv_reg[21]
  -------------------------------------------------------------------
                         required time                        105.118    
                         arrival time                          -9.355    
  -------------------------------------------------------------------
                         slack                                 95.763    

Slack (MET) :             95.784ns  (required time - arrival time)
  Source:                 U8_clk_div/clkdiv_reg[10]/C
                            (rising edge-triggered cell FDCE clocked by sys_clk_pin  {rise@0.000ns fall@50.000ns period=100.000ns})
  Destination:            U8_clk_div/clkdiv_reg[23]/D
                            (rising edge-triggered cell FDCE clocked by sys_clk_pin  {rise@0.000ns fall@50.000ns period=100.000ns})
  Path Group:             sys_clk_pin
  Path Type:              Setup (Max at Slow Process Corner)
  Requirement:            100.000ns  (sys_clk_pin rise@100.000ns - sys_clk_pin rise@0.000ns)
  Data Path Delay:        4.105ns  (logic 1.615ns (39.338%)  route 2.490ns (60.662%))
  Logic Levels:           5  (BUFG=1 CARRY4=4)
  Clock Path Skew:        -0.138ns (DCD - SCD + CPR)
    Destination Clock Delay (DCD):    4.911ns = ( 104.911 - 100.000 ) 
    Source Clock Delay      (SCD):    5.229ns
    Clock Pessimism Removal (CPR):    0.180ns
  Clock Uncertainty:      0.035ns  ((TSJ^2 + TIJ^2)^1/2 + DJ) / 2 + PE
    Total System Jitter     (TSJ):    0.071ns
    Total Input Jitter      (TIJ):    0.000ns
    Discrete Jitter          (DJ):    0.000ns
    Phase Error              (PE):    0.000ns

    Location             Delay type                Incr(ns)  Path(ns)    Netlist Resource(s)
  -------------------------------------------------------------------    -------------------
                         (clock sys_clk_pin rise edge)
                                                      0.000     0.000 r  
    E3                                                0.000     0.000 r  clk (IN)
                         net (fo=0)                   0.000     0.000    clk
    E3                   IBUF (Prop_ibuf_I_O)         1.482     1.482 r  clk_IBUF_inst/O
                         net (fo=1, routed)           2.025     3.506    clk_IBUF
    BUFGCTRL_X0Y16       BUFG (Prop_bufg_I_O)         0.096     3.602 r  clk_IBUF_BUFG_inst/O
                         net (fo=88, routed)          1.626     5.229    U8_clk_div/clk
    SLICE_X52Y97         FDCE                                         r  U8_clk_div/clkdiv_reg[10]/C
  -------------------------------------------------------------------    -------------------
    SLICE_X52Y97         FDCE (Prop_fdce_C_Q)         0.456     5.685 r  U8_clk_div/clkdiv_reg[10]/Q
                         net (fo=1, routed)           0.710     6.395    clkdiv[10]
    BUFGCTRL_X0Y2        BUFG (Prop_bufg_I_O)         0.096     6.491 r  clkdiv_BUFG[10]_inst/O
                         net (fo=49, routed)          1.779     8.270    U8_clk_div/S[0]
    SLICE_X52Y97         CARRY4 (Prop_carry4_S[2]_CO[3])
                                                      0.522     8.792 r  U8_clk_div/clkdiv_reg[8]_i_1/CO[3]
                         net (fo=1, routed)           0.000     8.792    U8_clk_div/clkdiv_reg[8]_i_1_n_0
    SLICE_X52Y98         CARRY4 (Prop_carry4_CI_CO[3])
                                                      0.114     8.906 r  U8_clk_div/clkdiv_reg[12]_i_1/CO[3]
                         net (fo=1, routed)           0.000     8.906    U8_clk_div/clkdiv_reg[12]_i_1_n_0
    SLICE_X52Y99         CARRY4 (Prop_carry4_CI_CO[3])
                                                      0.114     9.020 r  U8_clk_div/clkdiv_reg[16]_i_1/CO[3]
                         net (fo=1, routed)           0.001     9.021    U8_clk_div/clkdiv_reg[16]_i_1_n_0
    SLICE_X52Y100        CARRY4 (Prop_carry4_CI_O[3])
                                                      0.313     9.334 r  U8_clk_div/clkdiv_reg[20]_i_1/O[3]
                         net (fo=1, routed)           0.000     9.334    U8_clk_div/clkdiv_reg[20]_i_1_n_4
    SLICE_X52Y100        FDCE                                         r  U8_clk_div/clkdiv_reg[23]/D
  -------------------------------------------------------------------    -------------------

                         (clock sys_clk_pin rise edge)
                                                    100.000   100.000 r  
    E3                                                0.000   100.000 r  clk (IN)
                         net (fo=0)                   0.000   100.000    clk
    E3                   IBUF (Prop_ibuf_I_O)         1.411   101.411 r  clk_IBUF_inst/O
                         net (fo=1, routed)           1.920   103.331    clk_IBUF
    BUFGCTRL_X0Y16       BUFG (Prop_bufg_I_O)         0.091   103.422 r  clk_IBUF_BUFG_inst/O
                         net (fo=88, routed)          1.489   104.911    U8_clk_div/clk
    SLICE_X52Y100        FDCE                                         r  U8_clk_div/clkdiv_reg[23]/C
                         clock pessimism              0.180   105.091    
                         clock uncertainty           -0.035   105.056    
    SLICE_X52Y100        FDCE (Setup_fdce_C_D)        0.062   105.118    U8_clk_div/clkdiv_reg[23]
  -------------------------------------------------------------------
                         required time                        105.118    
                         arrival time                          -9.334    
  -------------------------------------------------------------------
                         slack                                 95.784    





Min Delay Paths
--------------------------------------------------------------------------------------
Slack (MET) :             0.207ns  (arrival time - required time)
  Source:                 U8_clk_div/clkdiv_reg[16]/C
                            (rising edge-triggered cell FDCE clocked by sys_clk_pin  {rise@0.000ns fall@50.000ns period=100.000ns})
  Destination:            U8_clk_div/clkdiv_reg[20]/D
                            (rising edge-triggered cell FDCE clocked by sys_clk_pin  {rise@0.000ns fall@50.000ns period=100.000ns})
  Path Group:             sys_clk_pin
  Path Type:              Hold (Min at Fast Process Corner)
  Requirement:            0.000ns  (sys_clk_pin rise@0.000ns - sys_clk_pin rise@0.000ns)
  Data Path Delay:        0.576ns  (logic 0.392ns (68.009%)  route 0.184ns (31.991%))
  Logic Levels:           2  (CARRY4=2)
  Clock Path Skew:        0.264ns (DCD - SCD - CPR)
    Destination Clock Delay (DCD):    1.994ns
    Source Clock Delay      (SCD):    1.484ns
    Clock Pessimism Removal (CPR):    0.245ns

    Location             Delay type                Incr(ns)  Path(ns)    Netlist Resource(s)
  -------------------------------------------------------------------    -------------------
                         (clock sys_clk_pin rise edge)
                                                      0.000     0.000 r  
    E3                                                0.000     0.000 r  clk (IN)
                         net (fo=0)                   0.000     0.000    clk
    E3                   IBUF (Prop_ibuf_I_O)         0.250     0.250 r  clk_IBUF_inst/O
                         net (fo=1, routed)           0.644     0.894    clk_IBUF
    BUFGCTRL_X0Y16       BUFG (Prop_bufg_I_O)         0.026     0.920 r  clk_IBUF_BUFG_inst/O
                         net (fo=88, routed)          0.565     1.484    U8_clk_div/clk
    SLICE_X52Y99         FDCE                                         r  U8_clk_div/clkdiv_reg[16]/C
  -------------------------------------------------------------------    -------------------
    SLICE_X52Y99         FDCE (Prop_fdce_C_Q)         0.141     1.625 r  U8_clk_div/clkdiv_reg[16]/Q
                         net (fo=2, routed)           0.184     1.809    U8_clk_div/point_in[15]
    SLICE_X52Y99         CARRY4 (Prop_carry4_S[0]_CO[3])
                                                      0.197     2.006 r  U8_clk_div/clkdiv_reg[16]_i_1/CO[3]
                         net (fo=1, routed)           0.001     2.007    U8_clk_div/clkdiv_reg[16]_i_1_n_0
    SLICE_X52Y100        CARRY4 (Prop_carry4_CI_O[0])
                                                      0.054     2.061 r  U8_clk_div/clkdiv_reg[20]_i_1/O[0]
                         net (fo=1, routed)           0.000     2.061    U8_clk_div/clkdiv_reg[20]_i_1_n_7
    SLICE_X52Y100        FDCE                                         r  U8_clk_div/clkdiv_reg[20]/D
  -------------------------------------------------------------------    -------------------

                         (clock sys_clk_pin rise edge)
                                                      0.000     0.000 r  
    E3                                                0.000     0.000 r  clk (IN)
                         net (fo=0)                   0.000     0.000    clk
    E3                   IBUF (Prop_ibuf_I_O)         0.438     0.438 r  clk_IBUF_inst/O
                         net (fo=1, routed)           0.699     1.136    clk_IBUF
    BUFGCTRL_X0Y16       BUFG (Prop_bufg_I_O)         0.029     1.165 r  clk_IBUF_BUFG_inst/O
                         net (fo=88, routed)          0.828     1.994    U8_clk_div/clk
    SLICE_X52Y100        FDCE                                         r  U8_clk_div/clkdiv_reg[20]/C
                         clock pessimism             -0.245     1.748    
    SLICE_X52Y100        FDCE (Hold_fdce_C_D)         0.105     1.853    U8_clk_div/clkdiv_reg[20]
  -------------------------------------------------------------------
                         required time                         -1.853    
                         arrival time                           2.061    
  -------------------------------------------------------------------
                         slack                                  0.207    

Slack (MET) :             0.218ns  (arrival time - required time)
  Source:                 U8_clk_div/clkdiv_reg[16]/C
                            (rising edge-triggered cell FDCE clocked by sys_clk_pin  {rise@0.000ns fall@50.000ns period=100.000ns})
  Destination:            U8_clk_div/clkdiv_reg[22]/D
                            (rising edge-triggered cell FDCE clocked by sys_clk_pin  {rise@0.000ns fall@50.000ns period=100.000ns})
  Path Group:             sys_clk_pin
  Path Type:              Hold (Min at Fast Process Corner)
  Requirement:            0.000ns  (sys_clk_pin rise@0.000ns - sys_clk_pin rise@0.000ns)
  Data Path Delay:        0.587ns  (logic 0.403ns (68.608%)  route 0.184ns (31.392%))
  Logic Levels:           2  (CARRY4=2)
  Clock Path Skew:        0.264ns (DCD - SCD - CPR)
    Destination Clock Delay (DCD):    1.994ns
    Source Clock Delay      (SCD):    1.484ns
    Clock Pessimism Removal (CPR):    0.245ns

    Location             Delay type                Incr(ns)  Path(ns)    Netlist Resource(s)
  -------------------------------------------------------------------    -------------------
                         (clock sys_clk_pin rise edge)
                                                      0.000     0.000 r  
    E3                                                0.000     0.000 r  clk (IN)
                         net (fo=0)                   0.000     0.000    clk
    E3                   IBUF (Prop_ibuf_I_O)         0.250     0.250 r  clk_IBUF_inst/O
                         net (fo=1, routed)           0.644     0.894    clk_IBUF
    BUFGCTRL_X0Y16       BUFG (Prop_bufg_I_O)         0.026     0.920 r  clk_IBUF_BUFG_inst/O
                         net (fo=88, routed)          0.565     1.484    U8_clk_div/clk
    SLICE_X52Y99         FDCE                                         r  U8_clk_div/clkdiv_reg[16]/C
  -------------------------------------------------------------------    -------------------
    SLICE_X52Y99         FDCE (Prop_fdce_C_Q)         0.141     1.625 r  U8_clk_div/clkdiv_reg[16]/Q
                         net (fo=2, routed)           0.184     1.809    U8_clk_div/point_in[15]
    SLICE_X52Y99         CARRY4 (Prop_carry4_S[0]_CO[3])
                                                      0.197     2.006 r  U8_clk_div/clkdiv_reg[16]_i_1/CO[3]
                         net (fo=1, routed)           0.001     2.007    U8_clk_div/clkdiv_reg[16]_i_1_n_0
    SLICE_X52Y100        CARRY4 (Prop_carry4_CI_O[2])
                                                      0.065     2.072 r  U8_clk_div/clkdiv_reg[20]_i_1/O[2]
                         net (fo=1, routed)           0.000     2.072    U8_clk_div/clkdiv_reg[20]_i_1_n_5
    SLICE_X52Y100        FDCE                                         r  U8_clk_div/clkdiv_reg[22]/D
  -------------------------------------------------------------------    -------------------

                         (clock sys_clk_pin rise edge)
                                                      0.000     0.000 r  
    E3                                                0.000     0.000 r  clk (IN)
                         net (fo=0)                   0.000     0.000    clk
    E3                   IBUF (Prop_ibuf_I_O)         0.438     0.438 r  clk_IBUF_inst/O
                         net (fo=1, routed)           0.699     1.136    clk_IBUF
    BUFGCTRL_X0Y16       BUFG (Prop_bufg_I_O)         0.029     1.165 r  clk_IBUF_BUFG_inst/O
                         net (fo=88, routed)          0.828     1.994    U8_clk_div/clk
    SLICE_X52Y100        FDCE                                         r  U8_clk_div/clkdiv_reg[22]/C
                         clock pessimism             -0.245     1.748    
    SLICE_X52Y100        FDCE (Hold_fdce_C_D)         0.105     1.853    U8_clk_div/clkdiv_reg[22]
  -------------------------------------------------------------------
                         required time                         -1.853    
                         arrival time                           2.072    
  -------------------------------------------------------------------
                         slack                                  0.218    

Slack (MET) :             0.243ns  (arrival time - required time)
  Source:                 U8_clk_div/clkdiv_reg[16]/C
                            (rising edge-triggered cell FDCE clocked by sys_clk_pin  {rise@0.000ns fall@50.000ns period=100.000ns})
  Destination:            U8_clk_div/clkdiv_reg[21]/D
                            (rising edge-triggered cell FDCE clocked by sys_clk_pin  {rise@0.000ns fall@50.000ns period=100.000ns})
  Path Group:             sys_clk_pin
  Path Type:              Hold (Min at Fast Process Corner)
  Requirement:            0.000ns  (sys_clk_pin rise@0.000ns - sys_clk_pin rise@0.000ns)
  Data Path Delay:        0.612ns  (logic 0.428ns (69.889%)  route 0.184ns (30.111%))
  Logic Levels:           2  (CARRY4=2)
  Clock Path Skew:        0.264ns (DCD - SCD - CPR)
    Destination Clock Delay (DCD):    1.994ns
    Source Clock Delay      (SCD):    1.484ns
    Clock Pessimism Removal (CPR):    0.245ns

    Location             Delay type                Incr(ns)  Path(ns)    Netlist Resource(s)
  -------------------------------------------------------------------    -------------------
                         (clock sys_clk_pin rise edge)
                                                      0.000     0.000 r  
    E3                                                0.000     0.000 r  clk (IN)
                         net (fo=0)                   0.000     0.000    clk
    E3                   IBUF (Prop_ibuf_I_O)         0.250     0.250 r  clk_IBUF_inst/O
                         net (fo=1, routed)           0.644     0.894    clk_IBUF
    BUFGCTRL_X0Y16       BUFG (Prop_bufg_I_O)         0.026     0.920 r  clk_IBUF_BUFG_inst/O
                         net (fo=88, routed)          0.565     1.484    U8_clk_div/clk
    SLICE_X52Y99         FDCE                                         r  U8_clk_div/clkdiv_reg[16]/C
  -------------------------------------------------------------------    -------------------
    SLICE_X52Y99         FDCE (Prop_fdce_C_Q)         0.141     1.625 r  U8_clk_div/clkdiv_reg[16]/Q
                         net (fo=2, routed)           0.184     1.809    U8_clk_div/point_in[15]
    SLICE_X52Y99         CARRY4 (Prop_carry4_S[0]_CO[3])
                                                      0.197     2.006 r  U8_clk_div/clkdiv_reg[16]_i_1/CO[3]
                         net (fo=1, routed)           0.001     2.007    U8_clk_div/clkdiv_reg[16]_i_1_n_0
    SLICE_X52Y100        CARRY4 (Prop_carry4_CI_O[1])
                                                      0.090     2.097 r  U8_clk_div/clkdiv_reg[20]_i_1/O[1]
                         net (fo=1, routed)           0.000     2.097    U8_clk_div/clkdiv_reg[20]_i_1_n_6
    SLICE_X52Y100        FDCE                                         r  U8_clk_div/clkdiv_reg[21]/D
  -------------------------------------------------------------------    -------------------

                         (clock sys_clk_pin rise edge)
                                                      0.000     0.000 r  
    E3                                                0.000     0.000 r  clk (IN)
                         net (fo=0)                   0.000     0.000    clk
    E3                   IBUF (Prop_ibuf_I_O)         0.438     0.438 r  clk_IBUF_inst/O
                         net (fo=1, routed)           0.699     1.136    clk_IBUF
    BUFGCTRL_X0Y16       BUFG (Prop_bufg_I_O)         0.029     1.165 r  clk_IBUF_BUFG_inst/O
                         net (fo=88, routed)          0.828     1.994    U8_clk_div/clk
    SLICE_X52Y100        FDCE                                         r  U8_clk_div/clkdiv_reg[21]/C
                         clock pessimism             -0.245     1.748    
    SLICE_X52Y100        FDCE (Hold_fdce_C_D)         0.105     1.853    U8_clk_div/clkdiv_reg[21]
  -------------------------------------------------------------------
                         required time                         -1.853    
                         arrival time                           2.097    
  -------------------------------------------------------------------
                         slack                                  0.243    

Slack (MET) :             0.243ns  (arrival time - required time)
  Source:                 U8_clk_div/clkdiv_reg[16]/C
                            (rising edge-triggered cell FDCE clocked by sys_clk_pin  {rise@0.000ns fall@50.000ns period=100.000ns})
  Destination:            U8_clk_div/clkdiv_reg[23]/D
                            (rising edge-triggered cell FDCE clocked by sys_clk_pin  {rise@0.000ns fall@50.000ns period=100.000ns})
  Path Group:             sys_clk_pin
  Path Type:              Hold (Min at Fast Process Corner)
  Requirement:            0.000ns  (sys_clk_pin rise@0.000ns - sys_clk_pin rise@0.000ns)
  Data Path Delay:        0.612ns  (logic 0.428ns (69.889%)  route 0.184ns (30.111%))
  Logic Levels:           2  (CARRY4=2)
  Clock Path Skew:        0.264ns (DCD - SCD - CPR)
    Destination Clock Delay (DCD):    1.994ns
    Source Clock Delay      (SCD):    1.484ns
    Clock Pessimism Removal (CPR):    0.245ns

    Location             Delay type                Incr(ns)  Path(ns)    Netlist Resource(s)
  -------------------------------------------------------------------    -------------------
                         (clock sys_clk_pin rise edge)
                                                      0.000     0.000 r  
    E3                                                0.000     0.000 r  clk (IN)
                         net (fo=0)                   0.000     0.000    clk
    E3                   IBUF (Prop_ibuf_I_O)         0.250     0.250 r  clk_IBUF_inst/O
                         net (fo=1, routed)           0.644     0.894    clk_IBUF
    BUFGCTRL_X0Y16       BUFG (Prop_bufg_I_O)         0.026     0.920 r  clk_IBUF_BUFG_inst/O
                         net (fo=88, routed)          0.565     1.484    U8_clk_div/clk
    SLICE_X52Y99         FDCE                                         r  U8_clk_div/clkdiv_reg[16]/C
  -------------------------------------------------------------------    -------------------
    SLICE_X52Y99         FDCE (Prop_fdce_C_Q)         0.141     1.625 r  U8_clk_div/clkdiv_reg[16]/Q
                         net (fo=2, routed)           0.184     1.809    U8_clk_div/point_in[15]
    SLICE_X52Y99         CARRY4 (Prop_carry4_S[0]_CO[3])
                                                      0.197     2.006 r  U8_clk_div/clkdiv_reg[16]_i_1/CO[3]
                         net (fo=1, routed)           0.001     2.007    U8_clk_div/clkdiv_reg[16]_i_1_n_0
    SLICE_X52Y100        CARRY4 (Prop_carry4_CI_O[3])
                                                      0.090     2.097 r  U8_clk_div/clkdiv_reg[20]_i_1/O[3]
                         net (fo=1, routed)           0.000     2.097    U8_clk_div/clkdiv_reg[20]_i_1_n_4
    SLICE_X52Y100        FDCE                                         r  U8_clk_div/clkdiv_reg[23]/D
  -------------------------------------------------------------------    -------------------

                         (clock sys_clk_pin rise edge)
                                                      0.000     0.000 r  
    E3                                                0.000     0.000 r  clk (IN)
                         net (fo=0)                   0.000     0.000    clk
    E3                   IBUF (Prop_ibuf_I_O)         0.438     0.438 r  clk_IBUF_inst/O
                         net (fo=1, routed)           0.699     1.136    clk_IBUF
    BUFGCTRL_X0Y16       BUFG (Prop_bufg_I_O)         0.029     1.165 r  clk_IBUF_BUFG_inst/O
                         net (fo=88, routed)          0.828     1.994    U8_clk_div/clk
    SLICE_X52Y100        FDCE                                         r  U8_clk_div/clkdiv_reg[23]/C
                         clock pessimism             -0.245     1.748    
    SLICE_X52Y100        FDCE (Hold_fdce_C_D)         0.105     1.853    U8_clk_div/clkdiv_reg[23]
  -------------------------------------------------------------------
                         required time                         -1.853    
                         arrival time                           2.097    
  -------------------------------------------------------------------
                         slack                                  0.243    

Slack (MET) :             0.246ns  (arrival time - required time)
  Source:                 U8_clk_div/clkdiv_reg[16]/C
                            (rising edge-triggered cell FDCE clocked by sys_clk_pin  {rise@0.000ns fall@50.000ns period=100.000ns})
  Destination:            U8_clk_div/clkdiv_reg[24]/D
                            (rising edge-triggered cell FDCE clocked by sys_clk_pin  {rise@0.000ns fall@50.000ns period=100.000ns})
  Path Group:             sys_clk_pin
  Path Type:              Hold (Min at Fast Process Corner)
  Requirement:            0.000ns  (sys_clk_pin rise@0.000ns - sys_clk_pin rise@0.000ns)
  Data Path Delay:        0.615ns  (logic 0.431ns (70.036%)  route 0.184ns (29.964%))
  Logic Levels:           3  (CARRY4=3)
  Clock Path Skew:        0.264ns (DCD - SCD - CPR)
    Destination Clock Delay (DCD):    1.994ns
    Source Clock Delay      (SCD):    1.484ns
    Clock Pessimism Removal (CPR):    0.245ns

    Location             Delay type                Incr(ns)  Path(ns)    Netlist Resource(s)
  -------------------------------------------------------------------    -------------------
                         (clock sys_clk_pin rise edge)
                                                      0.000     0.000 r  
    E3                                                0.000     0.000 r  clk (IN)
                         net (fo=0)                   0.000     0.000    clk
    E3                   IBUF (Prop_ibuf_I_O)         0.250     0.250 r  clk_IBUF_inst/O
                         net (fo=1, routed)           0.644     0.894    clk_IBUF
    BUFGCTRL_X0Y16       BUFG (Prop_bufg_I_O)         0.026     0.920 r  clk_IBUF_BUFG_inst/O
                         net (fo=88, routed)          0.565     1.484    U8_clk_div/clk
    SLICE_X52Y99         FDCE                                         r  U8_clk_div/clkdiv_reg[16]/C
  -------------------------------------------------------------------    -------------------
    SLICE_X52Y99         FDCE (Prop_fdce_C_Q)         0.141     1.625 r  U8_clk_div/clkdiv_reg[16]/Q
                         net (fo=2, routed)           0.184     1.809    U8_clk_div/point_in[15]
    SLICE_X52Y99         CARRY4 (Prop_carry4_S[0]_CO[3])
                                                      0.197     2.006 r  U8_clk_div/clkdiv_reg[16]_i_1/CO[3]
                         net (fo=1, routed)           0.001     2.007    U8_clk_div/clkdiv_reg[16]_i_1_n_0
    SLICE_X52Y100        CARRY4 (Prop_carry4_CI_CO[3])
                                                      0.039     2.046 r  U8_clk_div/clkdiv_reg[20]_i_1/CO[3]
                         net (fo=1, routed)           0.000     2.046    U8_clk_div/clkdiv_reg[20]_i_1_n_0
    SLICE_X52Y101        CARRY4 (Prop_carry4_CI_O[0])
                                                      0.054     2.100 r  U8_clk_div/clkdiv_reg[24]_i_1/O[0]
                         net (fo=1, routed)           0.000     2.100    U8_clk_div/clkdiv_reg[24]_i_1_n_7
    SLICE_X52Y101        FDCE                                         r  U8_clk_div/clkdiv_reg[24]/D
  -------------------------------------------------------------------    -------------------

                         (clock sys_clk_pin rise edge)
                                                      0.000     0.000 r  
    E3                                                0.000     0.000 r  clk (IN)
                         net (fo=0)                   0.000     0.000    clk
    E3                   IBUF (Prop_ibuf_I_O)         0.438     0.438 r  clk_IBUF_inst/O
                         net (fo=1, routed)           0.699     1.136    clk_IBUF
    BUFGCTRL_X0Y16       BUFG (Prop_bufg_I_O)         0.029     1.165 r  clk_IBUF_BUFG_inst/O
                         net (fo=88, routed)          0.828     1.994    U8_clk_div/clk
    SLICE_X52Y101        FDCE                                         r  U8_clk_div/clkdiv_reg[24]/C
                         clock pessimism             -0.245     1.748    
    SLICE_X52Y101        FDCE (Hold_fdce_C_D)         0.105     1.853    U8_clk_div/clkdiv_reg[24]
  -------------------------------------------------------------------
                         required time                         -1.853    
                         arrival time                           2.100    
  -------------------------------------------------------------------
                         slack                                  0.246    

Slack (MET) :             0.257ns  (arrival time - required time)
  Source:                 U8_clk_div/clkdiv_reg[16]/C
                            (rising edge-triggered cell FDCE clocked by sys_clk_pin  {rise@0.000ns fall@50.000ns period=100.000ns})
  Destination:            U8_clk_div/clkdiv_reg[26]/D
                            (rising edge-triggered cell FDCE clocked by sys_clk_pin  {rise@0.000ns fall@50.000ns period=100.000ns})
  Path Group:             sys_clk_pin
  Path Type:              Hold (Min at Fast Process Corner)
  Requirement:            0.000ns  (sys_clk_pin rise@0.000ns - sys_clk_pin rise@0.000ns)
  Data Path Delay:        0.626ns  (logic 0.442ns (70.562%)  route 0.184ns (29.438%))
  Logic Levels:           3  (CARRY4=3)
  Clock Path Skew:        0.264ns (DCD - SCD - CPR)
    Destination Clock Delay (DCD):    1.994ns
    Source Clock Delay      (SCD):    1.484ns
    Clock Pessimism Removal (CPR):    0.245ns

    Location             Delay type                Incr(ns)  Path(ns)    Netlist Resource(s)
  -------------------------------------------------------------------    -------------------
                         (clock sys_clk_pin rise edge)
                                                      0.000     0.000 r  
    E3                                                0.000     0.000 r  clk (IN)
                         net (fo=0)                   0.000     0.000    clk
    E3                   IBUF (Prop_ibuf_I_O)         0.250     0.250 r  clk_IBUF_inst/O
                         net (fo=1, routed)           0.644     0.894    clk_IBUF
    BUFGCTRL_X0Y16       BUFG (Prop_bufg_I_O)         0.026     0.920 r  clk_IBUF_BUFG_inst/O
                         net (fo=88, routed)          0.565     1.484    U8_clk_div/clk
    SLICE_X52Y99         FDCE                                         r  U8_clk_div/clkdiv_reg[16]/C
  -------------------------------------------------------------------    -------------------
    SLICE_X52Y99         FDCE (Prop_fdce_C_Q)         0.141     1.625 r  U8_clk_div/clkdiv_reg[16]/Q
                         net (fo=2, routed)           0.184     1.809    U8_clk_div/point_in[15]
    SLICE_X52Y99         CARRY4 (Prop_carry4_S[0]_CO[3])
                                                      0.197     2.006 r  U8_clk_div/clkdiv_reg[16]_i_1/CO[3]
                         net (fo=1, routed)           0.001     2.007    U8_clk_div/clkdiv_reg[16]_i_1_n_0
    SLICE_X52Y100        CARRY4 (Prop_carry4_CI_CO[3])
                                                      0.039     2.046 r  U8_clk_div/clkdiv_reg[20]_i_1/CO[3]
                         net (fo=1, routed)           0.000     2.046    U8_clk_div/clkdiv_reg[20]_i_1_n_0
    SLICE_X52Y101        CARRY4 (Prop_carry4_CI_O[2])
                                                      0.065     2.111 r  U8_clk_div/clkdiv_reg[24]_i_1/O[2]
                         net (fo=1, routed)           0.000     2.111    U8_clk_div/clkdiv_reg[24]_i_1_n_5
    SLICE_X52Y101        FDCE                                         r  U8_clk_div/clkdiv_reg[26]/D
  -------------------------------------------------------------------    -------------------

                         (clock sys_clk_pin rise edge)
                                                      0.000     0.000 r  
    E3                                                0.000     0.000 r  clk (IN)
                         net (fo=0)                   0.000     0.000    clk
    E3                   IBUF (Prop_ibuf_I_O)         0.438     0.438 r  clk_IBUF_inst/O
                         net (fo=1, routed)           0.699     1.136    clk_IBUF
    BUFGCTRL_X0Y16       BUFG (Prop_bufg_I_O)         0.029     1.165 r  clk_IBUF_BUFG_inst/O
                         net (fo=88, routed)          0.828     1.994    U8_clk_div/clk
    SLICE_X52Y101        FDCE                                         r  U8_clk_div/clkdiv_reg[26]/C
                         clock pessimism             -0.245     1.748    
    SLICE_X52Y101        FDCE (Hold_fdce_C_D)         0.105     1.853    U8_clk_div/clkdiv_reg[26]
  -------------------------------------------------------------------
                         required time                         -1.853    
                         arrival time                           2.111    
  -------------------------------------------------------------------
                         slack                                  0.257    

Slack (MET) :             0.282ns  (arrival time - required time)
  Source:                 U8_clk_div/clkdiv_reg[16]/C
                            (rising edge-triggered cell FDCE clocked by sys_clk_pin  {rise@0.000ns fall@50.000ns period=100.000ns})
  Destination:            U8_clk_div/clkdiv_reg[25]/D
                            (rising edge-triggered cell FDCE clocked by sys_clk_pin  {rise@0.000ns fall@50.000ns period=100.000ns})
  Path Group:             sys_clk_pin
  Path Type:              Hold (Min at Fast Process Corner)
  Requirement:            0.000ns  (sys_clk_pin rise@0.000ns - sys_clk_pin rise@0.000ns)
  Data Path Delay:        0.651ns  (logic 0.467ns (71.692%)  route 0.184ns (28.308%))
  Logic Levels:           3  (CARRY4=3)
  Clock Path Skew:        0.264ns (DCD - SCD - CPR)
    Destination Clock Delay (DCD):    1.994ns
    Source Clock Delay      (SCD):    1.484ns
    Clock Pessimism Removal (CPR):    0.245ns

    Location             Delay type                Incr(ns)  Path(ns)    Netlist Resource(s)
  -------------------------------------------------------------------    -------------------
                         (clock sys_clk_pin rise edge)
                                                      0.000     0.000 r  
    E3                                                0.000     0.000 r  clk (IN)
                         net (fo=0)                   0.000     0.000    clk
    E3                   IBUF (Prop_ibuf_I_O)         0.250     0.250 r  clk_IBUF_inst/O
                         net (fo=1, routed)           0.644     0.894    clk_IBUF
    BUFGCTRL_X0Y16       BUFG (Prop_bufg_I_O)         0.026     0.920 r  clk_IBUF_BUFG_inst/O
                         net (fo=88, routed)          0.565     1.484    U8_clk_div/clk
    SLICE_X52Y99         FDCE                                         r  U8_clk_div/clkdiv_reg[16]/C
  -------------------------------------------------------------------    -------------------
    SLICE_X52Y99         FDCE (Prop_fdce_C_Q)         0.141     1.625 r  U8_clk_div/clkdiv_reg[16]/Q
                         net (fo=2, routed)           0.184     1.809    U8_clk_div/point_in[15]
    SLICE_X52Y99         CARRY4 (Prop_carry4_S[0]_CO[3])
                                                      0.197     2.006 r  U8_clk_div/clkdiv_reg[16]_i_1/CO[3]
                         net (fo=1, routed)           0.001     2.007    U8_clk_div/clkdiv_reg[16]_i_1_n_0
    SLICE_X52Y100        CARRY4 (Prop_carry4_CI_CO[3])
                                                      0.039     2.046 r  U8_clk_div/clkdiv_reg[20]_i_1/CO[3]
                         net (fo=1, routed)           0.000     2.046    U8_clk_div/clkdiv_reg[20]_i_1_n_0
    SLICE_X52Y101        CARRY4 (Prop_carry4_CI_O[1])
                                                      0.090     2.136 r  U8_clk_div/clkdiv_reg[24]_i_1/O[1]
                         net (fo=1, routed)           0.000     2.136    U8_clk_div/clkdiv_reg[24]_i_1_n_6
    SLICE_X52Y101        FDCE                                         r  U8_clk_div/clkdiv_reg[25]/D
  -------------------------------------------------------------------    -------------------

                         (clock sys_clk_pin rise edge)
                                                      0.000     0.000 r  
    E3                                                0.000     0.000 r  clk (IN)
                         net (fo=0)                   0.000     0.000    clk
    E3                   IBUF (Prop_ibuf_I_O)         0.438     0.438 r  clk_IBUF_inst/O
                         net (fo=1, routed)           0.699     1.136    clk_IBUF
    BUFGCTRL_X0Y16       BUFG (Prop_bufg_I_O)         0.029     1.165 r  clk_IBUF_BUFG_inst/O
                         net (fo=88, routed)          0.828     1.994    U8_clk_div/clk
    SLICE_X52Y101        FDCE                                         r  U8_clk_div/clkdiv_reg[25]/C
                         clock pessimism             -0.245     1.748    
    SLICE_X52Y101        FDCE (Hold_fdce_C_D)         0.105     1.853    U8_clk_div/clkdiv_reg[25]
  -------------------------------------------------------------------
                         required time                         -1.853    
                         arrival time                           2.136    
  -------------------------------------------------------------------
                         slack                                  0.282    

Slack (MET) :             0.282ns  (arrival time - required time)
  Source:                 U8_clk_div/clkdiv_reg[16]/C
                            (rising edge-triggered cell FDCE clocked by sys_clk_pin  {rise@0.000ns fall@50.000ns period=100.000ns})
  Destination:            U8_clk_div/clkdiv_reg[27]/D
                            (rising edge-triggered cell FDCE clocked by sys_clk_pin  {rise@0.000ns fall@50.000ns period=100.000ns})
  Path Group:             sys_clk_pin
  Path Type:              Hold (Min at Fast Process Corner)
  Requirement:            0.000ns  (sys_clk_pin rise@0.000ns - sys_clk_pin rise@0.000ns)
  Data Path Delay:        0.651ns  (logic 0.467ns (71.692%)  route 0.184ns (28.308%))
  Logic Levels:           3  (CARRY4=3)
  Clock Path Skew:        0.264ns (DCD - SCD - CPR)
    Destination Clock Delay (DCD):    1.994ns
    Source Clock Delay      (SCD):    1.484ns
    Clock Pessimism Removal (CPR):    0.245ns

    Location             Delay type                Incr(ns)  Path(ns)    Netlist Resource(s)
  -------------------------------------------------------------------    -------------------
                         (clock sys_clk_pin rise edge)
                                                      0.000     0.000 r  
    E3                                                0.000     0.000 r  clk (IN)
                         net (fo=0)                   0.000     0.000    clk
    E3                   IBUF (Prop_ibuf_I_O)         0.250     0.250 r  clk_IBUF_inst/O
                         net (fo=1, routed)           0.644     0.894    clk_IBUF
    BUFGCTRL_X0Y16       BUFG (Prop_bufg_I_O)         0.026     0.920 r  clk_IBUF_BUFG_inst/O
                         net (fo=88, routed)          0.565     1.484    U8_clk_div/clk
    SLICE_X52Y99         FDCE                                         r  U8_clk_div/clkdiv_reg[16]/C
  -------------------------------------------------------------------    -------------------
    SLICE_X52Y99         FDCE (Prop_fdce_C_Q)         0.141     1.625 r  U8_clk_div/clkdiv_reg[16]/Q
                         net (fo=2, routed)           0.184     1.809    U8_clk_div/point_in[15]
    SLICE_X52Y99         CARRY4 (Prop_carry4_S[0]_CO[3])
                                                      0.197     2.006 r  U8_clk_div/clkdiv_reg[16]_i_1/CO[3]
                         net (fo=1, routed)           0.001     2.007    U8_clk_div/clkdiv_reg[16]_i_1_n_0
    SLICE_X52Y100        CARRY4 (Prop_carry4_CI_CO[3])
                                                      0.039     2.046 r  U8_clk_div/clkdiv_reg[20]_i_1/CO[3]
                         net (fo=1, routed)           0.000     2.046    U8_clk_div/clkdiv_reg[20]_i_1_n_0
    SLICE_X52Y101        CARRY4 (Prop_carry4_CI_O[3])
                                                      0.090     2.136 r  U8_clk_div/clkdiv_reg[24]_i_1/O[3]
                         net (fo=1, routed)           0.000     2.136    U8_clk_div/clkdiv_reg[24]_i_1_n_4
    SLICE_X52Y101        FDCE                                         r  U8_clk_div/clkdiv_reg[27]/D
  -------------------------------------------------------------------    -------------------

                         (clock sys_clk_pin rise edge)
                                                      0.000     0.000 r  
    E3                                                0.000     0.000 r  clk (IN)
                         net (fo=0)                   0.000     0.000    clk
    E3                   IBUF (Prop_ibuf_I_O)         0.438     0.438 r  clk_IBUF_inst/O
                         net (fo=1, routed)           0.699     1.136    clk_IBUF
    BUFGCTRL_X0Y16       BUFG (Prop_bufg_I_O)         0.029     1.165 r  clk_IBUF_BUFG_inst/O
                         net (fo=88, routed)          0.828     1.994    U8_clk_div/clk
    SLICE_X52Y101        FDCE                                         r  U8_clk_div/clkdiv_reg[27]/C
                         clock pessimism             -0.245     1.748    
    SLICE_X52Y101        FDCE (Hold_fdce_C_D)         0.105     1.853    U8_clk_div/clkdiv_reg[27]
  -------------------------------------------------------------------
                         required time                         -1.853    
                         arrival time                           2.136    
  -------------------------------------------------------------------
                         slack                                  0.282    

Slack (MET) :             0.285ns  (arrival time - required time)
  Source:                 U8_clk_div/clkdiv_reg[16]/C
                            (rising edge-triggered cell FDCE clocked by sys_clk_pin  {rise@0.000ns fall@50.000ns period=100.000ns})
  Destination:            U8_clk_div/clkdiv_reg[28]/D
                            (rising edge-triggered cell FDCE clocked by sys_clk_pin  {rise@0.000ns fall@50.000ns period=100.000ns})
  Path Group:             sys_clk_pin
  Path Type:              Hold (Min at Fast Process Corner)
  Requirement:            0.000ns  (sys_clk_pin rise@0.000ns - sys_clk_pin rise@0.000ns)
  Data Path Delay:        0.654ns  (logic 0.470ns (71.822%)  route 0.184ns (28.178%))
  Logic Levels:           4  (CARRY4=4)
  Clock Path Skew:        0.264ns (DCD - SCD - CPR)
    Destination Clock Delay (DCD):    1.994ns
    Source Clock Delay      (SCD):    1.484ns
    Clock Pessimism Removal (CPR):    0.245ns

    Location             Delay type                Incr(ns)  Path(ns)    Netlist Resource(s)
  -------------------------------------------------------------------    -------------------
                         (clock sys_clk_pin rise edge)
                                                      0.000     0.000 r  
    E3                                                0.000     0.000 r  clk (IN)
                         net (fo=0)                   0.000     0.000    clk
    E3                   IBUF (Prop_ibuf_I_O)         0.250     0.250 r  clk_IBUF_inst/O
                         net (fo=1, routed)           0.644     0.894    clk_IBUF
    BUFGCTRL_X0Y16       BUFG (Prop_bufg_I_O)         0.026     0.920 r  clk_IBUF_BUFG_inst/O
                         net (fo=88, routed)          0.565     1.484    U8_clk_div/clk
    SLICE_X52Y99         FDCE                                         r  U8_clk_div/clkdiv_reg[16]/C
  -------------------------------------------------------------------    -------------------
    SLICE_X52Y99         FDCE (Prop_fdce_C_Q)         0.141     1.625 r  U8_clk_div/clkdiv_reg[16]/Q
                         net (fo=2, routed)           0.184     1.809    U8_clk_div/point_in[15]
    SLICE_X52Y99         CARRY4 (Prop_carry4_S[0]_CO[3])
                                                      0.197     2.006 r  U8_clk_div/clkdiv_reg[16]_i_1/CO[3]
                         net (fo=1, routed)           0.001     2.007    U8_clk_div/clkdiv_reg[16]_i_1_n_0
    SLICE_X52Y100        CARRY4 (Prop_carry4_CI_CO[3])
                                                      0.039     2.046 r  U8_clk_div/clkdiv_reg[20]_i_1/CO[3]
                         net (fo=1, routed)           0.000     2.046    U8_clk_div/clkdiv_reg[20]_i_1_n_0
    SLICE_X52Y101        CARRY4 (Prop_carry4_CI_CO[3])
                                                      0.039     2.085 r  U8_clk_div/clkdiv_reg[24]_i_1/CO[3]
                         net (fo=1, routed)           0.000     2.085    U8_clk_div/clkdiv_reg[24]_i_1_n_0
    SLICE_X52Y102        CARRY4 (Prop_carry4_CI_O[0])
                                                      0.054     2.139 r  U8_clk_div/clkdiv_reg[28]_i_1/O[0]
                         net (fo=1, routed)           0.000     2.139    U8_clk_div/clkdiv_reg[28]_i_1_n_7
    SLICE_X52Y102        FDCE                                         r  U8_clk_div/clkdiv_reg[28]/D
  -------------------------------------------------------------------    -------------------

                         (clock sys_clk_pin rise edge)
                                                      0.000     0.000 r  
    E3                                                0.000     0.000 r  clk (IN)
                         net (fo=0)                   0.000     0.000    clk
    E3                   IBUF (Prop_ibuf_I_O)         0.438     0.438 r  clk_IBUF_inst/O
                         net (fo=1, routed)           0.699     1.136    clk_IBUF
    BUFGCTRL_X0Y16       BUFG (Prop_bufg_I_O)         0.029     1.165 r  clk_IBUF_BUFG_inst/O
                         net (fo=88, routed)          0.828     1.994    U8_clk_div/clk
    SLICE_X52Y102        FDCE                                         r  U8_clk_div/clkdiv_reg[28]/C
                         clock pessimism             -0.245     1.748    
    SLICE_X52Y102        FDCE (Hold_fdce_C_D)         0.105     1.853    U8_clk_div/clkdiv_reg[28]
  -------------------------------------------------------------------
                         required time                         -1.853    
                         arrival time                           2.139    
  -------------------------------------------------------------------
                         slack                                  0.285    

Slack (MET) :             0.296ns  (arrival time - required time)
  Source:                 U8_clk_div/clkdiv_reg[16]/C
                            (rising edge-triggered cell FDCE clocked by sys_clk_pin  {rise@0.000ns fall@50.000ns period=100.000ns})
  Destination:            U8_clk_div/clkdiv_reg[30]/D
                            (rising edge-triggered cell FDCE clocked by sys_clk_pin  {rise@0.000ns fall@50.000ns period=100.000ns})
  Path Group:             sys_clk_pin
  Path Type:              Hold (Min at Fast Process Corner)
  Requirement:            0.000ns  (sys_clk_pin rise@0.000ns - sys_clk_pin rise@0.000ns)
  Data Path Delay:        0.665ns  (logic 0.481ns (72.288%)  route 0.184ns (27.712%))
  Logic Levels:           4  (CARRY4=4)
  Clock Path Skew:        0.264ns (DCD - SCD - CPR)
    Destination Clock Delay (DCD):    1.994ns
    Source Clock Delay      (SCD):    1.484ns
    Clock Pessimism Removal (CPR):    0.245ns

    Location             Delay type                Incr(ns)  Path(ns)    Netlist Resource(s)
  -------------------------------------------------------------------    -------------------
                         (clock sys_clk_pin rise edge)
                                                      0.000     0.000 r  
    E3                                                0.000     0.000 r  clk (IN)
                         net (fo=0)                   0.000     0.000    clk
    E3                   IBUF (Prop_ibuf_I_O)         0.250     0.250 r  clk_IBUF_inst/O
                         net (fo=1, routed)           0.644     0.894    clk_IBUF
    BUFGCTRL_X0Y16       BUFG (Prop_bufg_I_O)         0.026     0.920 r  clk_IBUF_BUFG_inst/O
                         net (fo=88, routed)          0.565     1.484    U8_clk_div/clk
    SLICE_X52Y99         FDCE                                         r  U8_clk_div/clkdiv_reg[16]/C
  -------------------------------------------------------------------    -------------------
    SLICE_X52Y99         FDCE (Prop_fdce_C_Q)         0.141     1.625 r  U8_clk_div/clkdiv_reg[16]/Q
                         net (fo=2, routed)           0.184     1.809    U8_clk_div/point_in[15]
    SLICE_X52Y99         CARRY4 (Prop_carry4_S[0]_CO[3])
                                                      0.197     2.006 r  U8_clk_div/clkdiv_reg[16]_i_1/CO[3]
                         net (fo=1, routed)           0.001     2.007    U8_clk_div/clkdiv_reg[16]_i_1_n_0
    SLICE_X52Y100        CARRY4 (Prop_carry4_CI_CO[3])
                                                      0.039     2.046 r  U8_clk_div/clkdiv_reg[20]_i_1/CO[3]
                         net (fo=1, routed)           0.000     2.046    U8_clk_div/clkdiv_reg[20]_i_1_n_0
    SLICE_X52Y101        CARRY4 (Prop_carry4_CI_CO[3])
                                                      0.039     2.085 r  U8_clk_div/clkdiv_reg[24]_i_1/CO[3]
                         net (fo=1, routed)           0.000     2.085    U8_clk_div/clkdiv_reg[24]_i_1_n_0
    SLICE_X52Y102        CARRY4 (Prop_carry4_CI_O[2])
                                                      0.065     2.150 r  U8_clk_div/clkdiv_reg[28]_i_1/O[2]
                         net (fo=1, routed)           0.000     2.150    U8_clk_div/clkdiv_reg[28]_i_1_n_5
    SLICE_X52Y102        FDCE                                         r  U8_clk_div/clkdiv_reg[30]/D
  -------------------------------------------------------------------    -------------------

                         (clock sys_clk_pin rise edge)
                                                      0.000     0.000 r  
    E3                                                0.000     0.000 r  clk (IN)
                         net (fo=0)                   0.000     0.000    clk
    E3                   IBUF (Prop_ibuf_I_O)         0.438     0.438 r  clk_IBUF_inst/O
                         net (fo=1, routed)           0.699     1.136    clk_IBUF
    BUFGCTRL_X0Y16       BUFG (Prop_bufg_I_O)         0.029     1.165 r  clk_IBUF_BUFG_inst/O
                         net (fo=88, routed)          0.828     1.994    U8_clk_div/clk
    SLICE_X52Y102        FDCE                                         r  U8_clk_div/clkdiv_reg[30]/C
                         clock pessimism             -0.245     1.748    
    SLICE_X52Y102        FDCE (Hold_fdce_C_D)         0.105     1.853    U8_clk_div/clkdiv_reg[30]
  -------------------------------------------------------------------
                         required time                         -1.853    
                         arrival time                           2.150    
  -------------------------------------------------------------------
                         slack                                  0.296    





Pulse Width Checks
--------------------------------------------------------------------------------------
Clock Name:         sys_clk_pin
Waveform(ns):       { 0.000 50.000 }
Period(ns):         100.000
Sources:            { clk }

Check Type        Corner  Lib Pin             Reference Pin  Required(ns)  Actual(ns)  Slack(ns)  Location        Pin
Min Period        n/a     RAMB36E1/CLKARDCLK  n/a            2.576         100.000     97.424     RAMB36_X1Y21    <hidden>
Min Period        n/a     RAMB36E1/CLKBWRCLK  n/a            2.576         100.000     97.424     RAMB36_X1Y21    <hidden>
Min Period        n/a     RAMB36E1/CLKARDCLK  n/a            2.576         100.000     97.424     RAMB36_X1Y22    <hidden>
Min Period        n/a     RAMB36E1/CLKBWRCLK  n/a            2.576         100.000     97.424     RAMB36_X1Y22    <hidden>
Min Period        n/a     RAMB36E1/CLKARDCLK  n/a            2.576         100.000     97.424     RAMB36_X1Y20    <hidden>
Min Period        n/a     RAMB36E1/CLKBWRCLK  n/a            2.576         100.000     97.424     RAMB36_X1Y20    <hidden>
Min Period        n/a     RAMB36E1/CLKARDCLK  n/a            2.576         100.000     97.424     RAMB36_X1Y23    <hidden>
Min Period        n/a     RAMB36E1/CLKBWRCLK  n/a            2.576         100.000     97.424     RAMB36_X1Y23    <hidden>
Min Period        n/a     BUFG/I              n/a            2.155         100.000     97.845     BUFGCTRL_X0Y16  clk_IBUF_BUFG_inst/I
Min Period        n/a     FDCE/C              n/a            1.000         100.000     99.000     SLICE_X52Y103   U6_SSeg7/LES_data_reg[0]/C
Low Pulse Width   Slow    FDCE/C              n/a            0.500         50.000      49.500     SLICE_X52Y103   U6_SSeg7/LES_data_reg[0]/C
Low Pulse Width   Fast    FDCE/C              n/a            0.500         50.000      49.500     SLICE_X52Y103   U6_SSeg7/LES_data_reg[0]/C
Low Pulse Width   Slow    FDCE/C              n/a            0.500         50.000      49.500     SLICE_X52Y103   U6_SSeg7/LES_data_reg[1]/C
Low Pulse Width   Fast    FDCE/C              n/a            0.500         50.000      49.500     SLICE_X52Y103   U6_SSeg7/LES_data_reg[1]/C
Low Pulse Width   Slow    FDCE/C              n/a            0.500         50.000      49.500     SLICE_X55Y101   U6_SSeg7/LES_data_reg[2]/C
Low Pulse Width   Fast    FDCE/C              n/a            0.500         50.000      49.500     SLICE_X55Y101   U6_SSeg7/LES_data_reg[2]/C
Low Pulse Width   Slow    FDCE/C              n/a            0.500         50.000      49.500     SLICE_X59Y108   U6_SSeg7/LES_data_reg[3]/C
Low Pulse Width   Fast    FDCE/C              n/a            0.500         50.000      49.500     SLICE_X59Y108   U6_SSeg7/LES_data_reg[3]/C
Low Pulse Width   Slow    FDCE/C              n/a            0.500         50.000      49.500     SLICE_X52Y100   U6_SSeg7/LES_data_reg[4]/C
Low Pulse Width   Fast    FDCE/C              n/a            0.500         50.000      49.500     SLICE_X52Y100   U6_SSeg7/LES_data_reg[4]/C
High Pulse Width  Slow    FDCE/C              n/a            0.500         50.000      49.500     SLICE_X52Y103   U6_SSeg7/LES_data_reg[0]/C
High Pulse Width  Fast    FDCE/C              n/a            0.500         50.000      49.500     SLICE_X52Y103   U6_SSeg7/LES_data_reg[0]/C
High Pulse Width  Slow    FDCE/C              n/a            0.500         50.000      49.500     SLICE_X52Y103   U6_SSeg7/LES_data_reg[1]/C
High Pulse Width  Fast    FDCE/C              n/a            0.500         50.000      49.500     SLICE_X52Y103   U6_SSeg7/LES_data_reg[1]/C
High Pulse Width  Slow    FDCE/C              n/a            0.500         50.000      49.500     SLICE_X55Y101   U6_SSeg7/LES_data_reg[2]/C
High Pulse Width  Fast    FDCE/C              n/a            0.500         50.000      49.500     SLICE_X55Y101   U6_SSeg7/LES_data_reg[2]/C
High Pulse Width  Slow    FDCE/C              n/a            0.500         50.000      49.500     SLICE_X59Y108   U6_SSeg7/LES_data_reg[3]/C
High Pulse Width  Fast    FDCE/C              n/a            0.500         50.000      49.500     SLICE_X59Y108   U6_SSeg7/LES_data_reg[3]/C
High Pulse Width  Slow    FDCE/C              n/a            0.500         50.000      49.500     SLICE_X52Y100   U6_SSeg7/LES_data_reg[4]/C
High Pulse Width  Fast    FDCE/C              n/a            0.500         50.000      49.500     SLICE_X52Y100   U6_SSeg7/LES_data_reg[4]/C



--------------------------------------------------------------------------------------
Path Group:  (none)
From Clock:  
  To Clock:  

Max Delay          5100 Endpoints
Min Delay          5100 Endpoints
--------------------------------------------------------------------------------------


Max Delay Paths
--------------------------------------------------------------------------------------
Slack:                    inf
  Source:                 sw_i[7]
                            (input port)
  Destination:            U1_SCPU/ID_EX/data_out_reg[45]/D
  Path Group:             (none)
  Path Type:              Max at Slow Process Corner
  Data Path Delay:        27.852ns  (logic 3.853ns (13.834%)  route 23.999ns (86.166%))
  Logic Levels:           13  (CARRY4=1 IBUF=1 LUT3=2 LUT4=2 LUT6=7)

    Location             Delay type                Incr(ns)  Path(ns)    Netlist Resource(s)
  -------------------------------------------------------------------    -------------------
    R13                                               0.000     0.000 r  sw_i[7] (IN)
                         net (fo=0)                   0.000     0.000    sw_i[7]
    R13                  IBUF (Prop_ibuf_I_O)         1.508     1.508 r  sw_i_IBUF[7]_inst/O
                         net (fo=42, routed)          7.790     9.298    U1_SCPU/EX_MEM/sw_i_IBUF[7]
    SLICE_X67Y113        LUT4 (Prop_lut4_I2_O)        0.150     9.448 f  U1_SCPU/EX_MEM/data_out[47]_i_11__0/O
                         net (fo=1, routed)           0.436     9.885    U1_SCPU/EX_MEM/data_out[47]_i_11__0_n_0
    SLICE_X67Y113        LUT6 (Prop_lut6_I3_O)        0.326    10.211 r  U1_SCPU/EX_MEM/data_out[47]_i_5__0/O
                         net (fo=8, routed)           0.827    11.038    U1_SCPU/EX_MEM/data_out[47]_i_5__0_n_0
    SLICE_X67Y114        LUT6 (Prop_lut6_I1_O)        0.124    11.162 r  U1_SCPU/EX_MEM/data_out[62]_i_2__0/O
                         net (fo=30, routed)          2.174    13.335    U1_SCPU/EX_MEM/data_out[62]_i_2__0_n_0
    SLICE_X62Y123        LUT6 (Prop_lut6_I4_O)        0.124    13.459 r  U1_SCPU/EX_MEM/data_out[59]_i_2/O
                         net (fo=2, routed)           1.293    14.753    U1_SCPU/EX_MEM/data_out[59]_i_2_n_0
    SLICE_X50Y126        LUT6 (Prop_lut6_I1_O)        0.124    14.877 r  U1_SCPU/EX_MEM/data_out[59]_i_1/O
                         net (fo=2, routed)           1.287    16.163    U1_SCPU/ID_EX/data_out[64]_i_16[18]
    SLICE_X48Y122        LUT3 (Prop_lut3_I2_O)        0.154    16.317 r  U1_SCPU/ID_EX/data_out[91]_i_13__0/O
                         net (fo=9, routed)           0.788    17.106    U1_SCPU/ID_EX/data_out_reg[31]_0[21]
    SLICE_X47Y120        LUT4 (Prop_lut4_I3_O)        0.327    17.433 r  U1_SCPU/ID_EX/data_out[64]_i_14__0/O
                         net (fo=2, routed)           0.681    18.114    U1_SCPU/EX_MEM/data_out[63]_i_10__0[1]
    SLICE_X46Y118        CARRY4 (Prop_carry4_DI[1]_CO[3])
                                                      0.520    18.634 r  U1_SCPU/EX_MEM/data_out_reg[64]_i_7/CO[3]
                         net (fo=2, routed)           1.319    19.953    U1_SCPU/ID_EX/data_out_reg[64]_3[0]
    SLICE_X46Y113        LUT6 (Prop_lut6_I5_O)        0.124    20.077 f  U1_SCPU/ID_EX/data_out[63]_i_10__0/O
                         net (fo=1, routed)           0.897    20.974    U1_SCPU/ID_EX/branch0
    SLICE_X46Y113        LUT3 (Prop_lut3_I0_O)        0.124    21.098 f  U1_SCPU/ID_EX/data_out[63]_i_7__1/O
                         net (fo=132, routed)         1.889    22.987    U1_SCPU/EX_MEM/data_out_reg[5]_0
    SLICE_X62Y120        LUT6 (Prop_lut6_I4_O)        0.124    23.111 f  U1_SCPU/EX_MEM/data_out[178]_i_5/O
                         net (fo=162, routed)         4.617    27.728    U1_SCPU/ID_EX/flush_EX
    SLICE_X31Y119        LUT6 (Prop_lut6_I5_O)        0.124    27.852 r  U1_SCPU/ID_EX/data_out[45]_i_1/O
                         net (fo=1, routed)           0.000    27.852    U1_SCPU/ID_EX/p_0_in_0[45]
    SLICE_X31Y119        FDCE                                         r  U1_SCPU/ID_EX/data_out_reg[45]/D
  -------------------------------------------------------------------    -------------------

Slack:                    inf
  Source:                 sw_i[7]
                            (input port)
  Destination:            U1_SCPU/ID_EX/data_out_reg[47]/D
  Path Group:             (none)
  Path Type:              Max at Slow Process Corner
  Data Path Delay:        27.595ns  (logic 3.853ns (13.962%)  route 23.742ns (86.037%))
  Logic Levels:           13  (CARRY4=1 IBUF=1 LUT3=2 LUT4=2 LUT6=7)

    Location             Delay type                Incr(ns)  Path(ns)    Netlist Resource(s)
  -------------------------------------------------------------------    -------------------
    R13                                               0.000     0.000 r  sw_i[7] (IN)
                         net (fo=0)                   0.000     0.000    sw_i[7]
    R13                  IBUF (Prop_ibuf_I_O)         1.508     1.508 r  sw_i_IBUF[7]_inst/O
                         net (fo=42, routed)          7.790     9.298    U1_SCPU/EX_MEM/sw_i_IBUF[7]
    SLICE_X67Y113        LUT4 (Prop_lut4_I2_O)        0.150     9.448 f  U1_SCPU/EX_MEM/data_out[47]_i_11__0/O
                         net (fo=1, routed)           0.436     9.885    U1_SCPU/EX_MEM/data_out[47]_i_11__0_n_0
    SLICE_X67Y113        LUT6 (Prop_lut6_I3_O)        0.326    10.211 r  U1_SCPU/EX_MEM/data_out[47]_i_5__0/O
                         net (fo=8, routed)           0.827    11.038    U1_SCPU/EX_MEM/data_out[47]_i_5__0_n_0
    SLICE_X67Y114        LUT6 (Prop_lut6_I1_O)        0.124    11.162 r  U1_SCPU/EX_MEM/data_out[62]_i_2__0/O
                         net (fo=30, routed)          2.174    13.335    U1_SCPU/EX_MEM/data_out[62]_i_2__0_n_0
    SLICE_X62Y123        LUT6 (Prop_lut6_I4_O)        0.124    13.459 r  U1_SCPU/EX_MEM/data_out[59]_i_2/O
                         net (fo=2, routed)           1.293    14.753    U1_SCPU/EX_MEM/data_out[59]_i_2_n_0
    SLICE_X50Y126        LUT6 (Prop_lut6_I1_O)        0.124    14.877 r  U1_SCPU/EX_MEM/data_out[59]_i_1/O
                         net (fo=2, routed)           1.287    16.163    U1_SCPU/ID_EX/data_out[64]_i_16[18]
    SLICE_X48Y122        LUT3 (Prop_lut3_I2_O)        0.154    16.317 r  U1_SCPU/ID_EX/data_out[91]_i_13__0/O
                         net (fo=9, routed)           0.788    17.106    U1_SCPU/ID_EX/data_out_reg[31]_0[21]
    SLICE_X47Y120        LUT4 (Prop_lut4_I3_O)        0.327    17.433 r  U1_SCPU/ID_EX/data_out[64]_i_14__0/O
                         net (fo=2, routed)           0.681    18.114    U1_SCPU/EX_MEM/data_out[63]_i_10__0[1]
    SLICE_X46Y118        CARRY4 (Prop_carry4_DI[1]_CO[3])
                                                      0.520    18.634 r  U1_SCPU/EX_MEM/data_out_reg[64]_i_7/CO[3]
                         net (fo=2, routed)           1.319    19.953    U1_SCPU/ID_EX/data_out_reg[64]_3[0]
    SLICE_X46Y113        LUT6 (Prop_lut6_I5_O)        0.124    20.077 f  U1_SCPU/ID_EX/data_out[63]_i_10__0/O
                         net (fo=1, routed)           0.897    20.974    U1_SCPU/ID_EX/branch0
    SLICE_X46Y113        LUT3 (Prop_lut3_I0_O)        0.124    21.098 f  U1_SCPU/ID_EX/data_out[63]_i_7__1/O
                         net (fo=132, routed)         1.889    22.987    U1_SCPU/EX_MEM/data_out_reg[5]_0
    SLICE_X62Y120        LUT6 (Prop_lut6_I4_O)        0.124    23.111 f  U1_SCPU/EX_MEM/data_out[178]_i_5/O
                         net (fo=162, routed)         4.360    27.471    U1_SCPU/ID_EX/flush_EX
    SLICE_X34Y120        LUT6 (Prop_lut6_I5_O)        0.124    27.595 r  U1_SCPU/ID_EX/data_out[47]_i_1/O
                         net (fo=1, routed)           0.000    27.595    U1_SCPU/ID_EX/p_0_in_0[47]
    SLICE_X34Y120        FDCE                                         r  U1_SCPU/ID_EX/data_out_reg[47]/D
  -------------------------------------------------------------------    -------------------

Slack:                    inf
  Source:                 sw_i[7]
                            (input port)
  Destination:            U1_SCPU/ID_EX/data_out_reg[76]/D
  Path Group:             (none)
  Path Type:              Max at Slow Process Corner
  Data Path Delay:        27.585ns  (logic 3.853ns (13.968%)  route 23.732ns (86.032%))
  Logic Levels:           13  (CARRY4=1 IBUF=1 LUT3=2 LUT4=2 LUT6=7)

    Location             Delay type                Incr(ns)  Path(ns)    Netlist Resource(s)
  -------------------------------------------------------------------    -------------------
    R13                                               0.000     0.000 r  sw_i[7] (IN)
                         net (fo=0)                   0.000     0.000    sw_i[7]
    R13                  IBUF (Prop_ibuf_I_O)         1.508     1.508 r  sw_i_IBUF[7]_inst/O
                         net (fo=42, routed)          7.790     9.298    U1_SCPU/EX_MEM/sw_i_IBUF[7]
    SLICE_X67Y113        LUT4 (Prop_lut4_I2_O)        0.150     9.448 f  U1_SCPU/EX_MEM/data_out[47]_i_11__0/O
                         net (fo=1, routed)           0.436     9.885    U1_SCPU/EX_MEM/data_out[47]_i_11__0_n_0
    SLICE_X67Y113        LUT6 (Prop_lut6_I3_O)        0.326    10.211 r  U1_SCPU/EX_MEM/data_out[47]_i_5__0/O
                         net (fo=8, routed)           0.827    11.038    U1_SCPU/EX_MEM/data_out[47]_i_5__0_n_0
    SLICE_X67Y114        LUT6 (Prop_lut6_I1_O)        0.124    11.162 r  U1_SCPU/EX_MEM/data_out[62]_i_2__0/O
                         net (fo=30, routed)          2.174    13.335    U1_SCPU/EX_MEM/data_out[62]_i_2__0_n_0
    SLICE_X62Y123        LUT6 (Prop_lut6_I4_O)        0.124    13.459 r  U1_SCPU/EX_MEM/data_out[59]_i_2/O
                         net (fo=2, routed)           1.293    14.753    U1_SCPU/EX_MEM/data_out[59]_i_2_n_0
    SLICE_X50Y126        LUT6 (Prop_lut6_I1_O)        0.124    14.877 r  U1_SCPU/EX_MEM/data_out[59]_i_1/O
                         net (fo=2, routed)           1.287    16.163    U1_SCPU/ID_EX/data_out[64]_i_16[18]
    SLICE_X48Y122        LUT3 (Prop_lut3_I2_O)        0.154    16.317 r  U1_SCPU/ID_EX/data_out[91]_i_13__0/O
                         net (fo=9, routed)           0.788    17.106    U1_SCPU/ID_EX/data_out_reg[31]_0[21]
    SLICE_X47Y120        LUT4 (Prop_lut4_I3_O)        0.327    17.433 r  U1_SCPU/ID_EX/data_out[64]_i_14__0/O
                         net (fo=2, routed)           0.681    18.114    U1_SCPU/EX_MEM/data_out[63]_i_10__0[1]
    SLICE_X46Y118        CARRY4 (Prop_carry4_DI[1]_CO[3])
                                                      0.520    18.634 r  U1_SCPU/EX_MEM/data_out_reg[64]_i_7/CO[3]
                         net (fo=2, routed)           1.319    19.953    U1_SCPU/ID_EX/data_out_reg[64]_3[0]
    SLICE_X46Y113        LUT6 (Prop_lut6_I5_O)        0.124    20.077 f  U1_SCPU/ID_EX/data_out[63]_i_10__0/O
                         net (fo=1, routed)           0.897    20.974    U1_SCPU/ID_EX/branch0
    SLICE_X46Y113        LUT3 (Prop_lut3_I0_O)        0.124    21.098 f  U1_SCPU/ID_EX/data_out[63]_i_7__1/O
                         net (fo=132, routed)         1.889    22.987    U1_SCPU/EX_MEM/data_out_reg[5]_0
    SLICE_X62Y120        LUT6 (Prop_lut6_I4_O)        0.124    23.111 f  U1_SCPU/EX_MEM/data_out[178]_i_5/O
                         net (fo=162, routed)         4.350    27.461    U1_SCPU/ID_EX/flush_EX
    SLICE_X34Y120        LUT6 (Prop_lut6_I5_O)        0.124    27.585 r  U1_SCPU/ID_EX/data_out[76]_i_1__0/O
                         net (fo=1, routed)           0.000    27.585    U1_SCPU/ID_EX/p_0_in_0[76]
    SLICE_X34Y120        FDCE                                         r  U1_SCPU/ID_EX/data_out_reg[76]/D
  -------------------------------------------------------------------    -------------------

Slack:                    inf
  Source:                 sw_i[7]
                            (input port)
  Destination:            U1_SCPU/ID_EX/data_out_reg[79]/D
  Path Group:             (none)
  Path Type:              Max at Slow Process Corner
  Data Path Delay:        27.441ns  (logic 3.853ns (14.041%)  route 23.588ns (85.959%))
  Logic Levels:           13  (CARRY4=1 IBUF=1 LUT3=2 LUT4=2 LUT6=7)

    Location             Delay type                Incr(ns)  Path(ns)    Netlist Resource(s)
  -------------------------------------------------------------------    -------------------
    R13                                               0.000     0.000 r  sw_i[7] (IN)
                         net (fo=0)                   0.000     0.000    sw_i[7]
    R13                  IBUF (Prop_ibuf_I_O)         1.508     1.508 r  sw_i_IBUF[7]_inst/O
                         net (fo=42, routed)          7.790     9.298    U1_SCPU/EX_MEM/sw_i_IBUF[7]
    SLICE_X67Y113        LUT4 (Prop_lut4_I2_O)        0.150     9.448 f  U1_SCPU/EX_MEM/data_out[47]_i_11__0/O
                         net (fo=1, routed)           0.436     9.885    U1_SCPU/EX_MEM/data_out[47]_i_11__0_n_0
    SLICE_X67Y113        LUT6 (Prop_lut6_I3_O)        0.326    10.211 r  U1_SCPU/EX_MEM/data_out[47]_i_5__0/O
                         net (fo=8, routed)           0.827    11.038    U1_SCPU/EX_MEM/data_out[47]_i_5__0_n_0
    SLICE_X67Y114        LUT6 (Prop_lut6_I1_O)        0.124    11.162 r  U1_SCPU/EX_MEM/data_out[62]_i_2__0/O
                         net (fo=30, routed)          2.174    13.335    U1_SCPU/EX_MEM/data_out[62]_i_2__0_n_0
    SLICE_X62Y123        LUT6 (Prop_lut6_I4_O)        0.124    13.459 r  U1_SCPU/EX_MEM/data_out[59]_i_2/O
                         net (fo=2, routed)           1.293    14.753    U1_SCPU/EX_MEM/data_out[59]_i_2_n_0
    SLICE_X50Y126        LUT6 (Prop_lut6_I1_O)        0.124    14.877 r  U1_SCPU/EX_MEM/data_out[59]_i_1/O
                         net (fo=2, routed)           1.287    16.163    U1_SCPU/ID_EX/data_out[64]_i_16[18]
    SLICE_X48Y122        LUT3 (Prop_lut3_I2_O)        0.154    16.317 r  U1_SCPU/ID_EX/data_out[91]_i_13__0/O
                         net (fo=9, routed)           0.788    17.106    U1_SCPU/ID_EX/data_out_reg[31]_0[21]
    SLICE_X47Y120        LUT4 (Prop_lut4_I3_O)        0.327    17.433 r  U1_SCPU/ID_EX/data_out[64]_i_14__0/O
                         net (fo=2, routed)           0.681    18.114    U1_SCPU/EX_MEM/data_out[63]_i_10__0[1]
    SLICE_X46Y118        CARRY4 (Prop_carry4_DI[1]_CO[3])
                                                      0.520    18.634 r  U1_SCPU/EX_MEM/data_out_reg[64]_i_7/CO[3]
                         net (fo=2, routed)           1.319    19.953    U1_SCPU/ID_EX/data_out_reg[64]_3[0]
    SLICE_X46Y113        LUT6 (Prop_lut6_I5_O)        0.124    20.077 f  U1_SCPU/ID_EX/data_out[63]_i_10__0/O
                         net (fo=1, routed)           0.897    20.974    U1_SCPU/ID_EX/branch0
    SLICE_X46Y113        LUT3 (Prop_lut3_I0_O)        0.124    21.098 f  U1_SCPU/ID_EX/data_out[63]_i_7__1/O
                         net (fo=132, routed)         1.889    22.987    U1_SCPU/EX_MEM/data_out_reg[5]_0
    SLICE_X62Y120        LUT6 (Prop_lut6_I4_O)        0.124    23.111 f  U1_SCPU/EX_MEM/data_out[178]_i_5/O
                         net (fo=162, routed)         4.206    27.317    U1_SCPU/ID_EX/flush_EX
    SLICE_X34Y120        LUT6 (Prop_lut6_I5_O)        0.124    27.441 r  U1_SCPU/ID_EX/data_out[79]_i_1__0/O
                         net (fo=1, routed)           0.000    27.441    U1_SCPU/ID_EX/p_0_in_0[79]
    SLICE_X34Y120        FDCE                                         r  U1_SCPU/ID_EX/data_out_reg[79]/D
  -------------------------------------------------------------------    -------------------

Slack:                    inf
  Source:                 sw_i[7]
                            (input port)
  Destination:            U1_SCPU/ID_EX/data_out_reg[23]/D
  Path Group:             (none)
  Path Type:              Max at Slow Process Corner
  Data Path Delay:        27.426ns  (logic 3.853ns (14.048%)  route 23.573ns (85.952%))
  Logic Levels:           13  (CARRY4=1 IBUF=1 LUT3=2 LUT4=2 LUT6=7)

    Location             Delay type                Incr(ns)  Path(ns)    Netlist Resource(s)
  -------------------------------------------------------------------    -------------------
    R13                                               0.000     0.000 r  sw_i[7] (IN)
                         net (fo=0)                   0.000     0.000    sw_i[7]
    R13                  IBUF (Prop_ibuf_I_O)         1.508     1.508 r  sw_i_IBUF[7]_inst/O
                         net (fo=42, routed)          7.790     9.298    U1_SCPU/EX_MEM/sw_i_IBUF[7]
    SLICE_X67Y113        LUT4 (Prop_lut4_I2_O)        0.150     9.448 f  U1_SCPU/EX_MEM/data_out[47]_i_11__0/O
                         net (fo=1, routed)           0.436     9.885    U1_SCPU/EX_MEM/data_out[47]_i_11__0_n_0
    SLICE_X67Y113        LUT6 (Prop_lut6_I3_O)        0.326    10.211 r  U1_SCPU/EX_MEM/data_out[47]_i_5__0/O
                         net (fo=8, routed)           0.827    11.038    U1_SCPU/EX_MEM/data_out[47]_i_5__0_n_0
    SLICE_X67Y114        LUT6 (Prop_lut6_I1_O)        0.124    11.162 r  U1_SCPU/EX_MEM/data_out[62]_i_2__0/O
                         net (fo=30, routed)          2.174    13.335    U1_SCPU/EX_MEM/data_out[62]_i_2__0_n_0
    SLICE_X62Y123        LUT6 (Prop_lut6_I4_O)        0.124    13.459 r  U1_SCPU/EX_MEM/data_out[59]_i_2/O
                         net (fo=2, routed)           1.293    14.753    U1_SCPU/EX_MEM/data_out[59]_i_2_n_0
    SLICE_X50Y126        LUT6 (Prop_lut6_I1_O)        0.124    14.877 r  U1_SCPU/EX_MEM/data_out[59]_i_1/O
                         net (fo=2, routed)           1.287    16.163    U1_SCPU/ID_EX/data_out[64]_i_16[18]
    SLICE_X48Y122        LUT3 (Prop_lut3_I2_O)        0.154    16.317 r  U1_SCPU/ID_EX/data_out[91]_i_13__0/O
                         net (fo=9, routed)           0.788    17.106    U1_SCPU/ID_EX/data_out_reg[31]_0[21]
    SLICE_X47Y120        LUT4 (Prop_lut4_I3_O)        0.327    17.433 r  U1_SCPU/ID_EX/data_out[64]_i_14__0/O
                         net (fo=2, routed)           0.681    18.114    U1_SCPU/EX_MEM/data_out[63]_i_10__0[1]
    SLICE_X46Y118        CARRY4 (Prop_carry4_DI[1]_CO[3])
                                                      0.520    18.634 r  U1_SCPU/EX_MEM/data_out_reg[64]_i_7/CO[3]
                         net (fo=2, routed)           1.319    19.953    U1_SCPU/ID_EX/data_out_reg[64]_3[0]
    SLICE_X46Y113        LUT6 (Prop_lut6_I5_O)        0.124    20.077 f  U1_SCPU/ID_EX/data_out[63]_i_10__0/O
                         net (fo=1, routed)           0.897    20.974    U1_SCPU/ID_EX/branch0
    SLICE_X46Y113        LUT3 (Prop_lut3_I0_O)        0.124    21.098 f  U1_SCPU/ID_EX/data_out[63]_i_7__1/O
                         net (fo=132, routed)         1.889    22.987    U1_SCPU/EX_MEM/data_out_reg[5]_0
    SLICE_X62Y120        LUT6 (Prop_lut6_I4_O)        0.124    23.111 f  U1_SCPU/EX_MEM/data_out[178]_i_5/O
                         net (fo=162, routed)         4.191    27.302    U1_SCPU/ID_EX/flush_EX
    SLICE_X47Y120        LUT6 (Prop_lut6_I5_O)        0.124    27.426 r  U1_SCPU/ID_EX/data_out[23]_i_1__0/O
                         net (fo=1, routed)           0.000    27.426    U1_SCPU/ID_EX/p_0_in_0[23]
    SLICE_X47Y120        FDCE                                         r  U1_SCPU/ID_EX/data_out_reg[23]/D
  -------------------------------------------------------------------    -------------------

Slack:                    inf
  Source:                 sw_i[7]
                            (input port)
  Destination:            U1_SCPU/ID_EX/data_out_reg[44]/D
  Path Group:             (none)
  Path Type:              Max at Slow Process Corner
  Data Path Delay:        27.379ns  (logic 3.853ns (14.072%)  route 23.527ns (85.928%))
  Logic Levels:           13  (CARRY4=1 IBUF=1 LUT3=2 LUT4=2 LUT6=7)

    Location             Delay type                Incr(ns)  Path(ns)    Netlist Resource(s)
  -------------------------------------------------------------------    -------------------
    R13                                               0.000     0.000 r  sw_i[7] (IN)
                         net (fo=0)                   0.000     0.000    sw_i[7]
    R13                  IBUF (Prop_ibuf_I_O)         1.508     1.508 r  sw_i_IBUF[7]_inst/O
                         net (fo=42, routed)          7.790     9.298    U1_SCPU/EX_MEM/sw_i_IBUF[7]
    SLICE_X67Y113        LUT4 (Prop_lut4_I2_O)        0.150     9.448 f  U1_SCPU/EX_MEM/data_out[47]_i_11__0/O
                         net (fo=1, routed)           0.436     9.885    U1_SCPU/EX_MEM/data_out[47]_i_11__0_n_0
    SLICE_X67Y113        LUT6 (Prop_lut6_I3_O)        0.326    10.211 r  U1_SCPU/EX_MEM/data_out[47]_i_5__0/O
                         net (fo=8, routed)           0.827    11.038    U1_SCPU/EX_MEM/data_out[47]_i_5__0_n_0
    SLICE_X67Y114        LUT6 (Prop_lut6_I1_O)        0.124    11.162 r  U1_SCPU/EX_MEM/data_out[62]_i_2__0/O
                         net (fo=30, routed)          2.174    13.335    U1_SCPU/EX_MEM/data_out[62]_i_2__0_n_0
    SLICE_X62Y123        LUT6 (Prop_lut6_I4_O)        0.124    13.459 r  U1_SCPU/EX_MEM/data_out[59]_i_2/O
                         net (fo=2, routed)           1.293    14.753    U1_SCPU/EX_MEM/data_out[59]_i_2_n_0
    SLICE_X50Y126        LUT6 (Prop_lut6_I1_O)        0.124    14.877 r  U1_SCPU/EX_MEM/data_out[59]_i_1/O
                         net (fo=2, routed)           1.287    16.163    U1_SCPU/ID_EX/data_out[64]_i_16[18]
    SLICE_X48Y122        LUT3 (Prop_lut3_I2_O)        0.154    16.317 r  U1_SCPU/ID_EX/data_out[91]_i_13__0/O
                         net (fo=9, routed)           0.788    17.106    U1_SCPU/ID_EX/data_out_reg[31]_0[21]
    SLICE_X47Y120        LUT4 (Prop_lut4_I3_O)        0.327    17.433 r  U1_SCPU/ID_EX/data_out[64]_i_14__0/O
                         net (fo=2, routed)           0.681    18.114    U1_SCPU/EX_MEM/data_out[63]_i_10__0[1]
    SLICE_X46Y118        CARRY4 (Prop_carry4_DI[1]_CO[3])
                                                      0.520    18.634 r  U1_SCPU/EX_MEM/data_out_reg[64]_i_7/CO[3]
                         net (fo=2, routed)           1.319    19.953    U1_SCPU/ID_EX/data_out_reg[64]_3[0]
    SLICE_X46Y113        LUT6 (Prop_lut6_I5_O)        0.124    20.077 f  U1_SCPU/ID_EX/data_out[63]_i_10__0/O
                         net (fo=1, routed)           0.897    20.974    U1_SCPU/ID_EX/branch0
    SLICE_X46Y113        LUT3 (Prop_lut3_I0_O)        0.124    21.098 f  U1_SCPU/ID_EX/data_out[63]_i_7__1/O
                         net (fo=132, routed)         1.889    22.987    U1_SCPU/EX_MEM/data_out_reg[5]_0
    SLICE_X62Y120        LUT6 (Prop_lut6_I4_O)        0.124    23.111 f  U1_SCPU/EX_MEM/data_out[178]_i_5/O
                         net (fo=162, routed)         4.144    27.255    U1_SCPU/ID_EX/flush_EX
    SLICE_X29Y120        LUT6 (Prop_lut6_I5_O)        0.124    27.379 r  U1_SCPU/ID_EX/data_out[44]_i_1/O
                         net (fo=1, routed)           0.000    27.379    U1_SCPU/ID_EX/p_0_in_0[44]
    SLICE_X29Y120        FDCE                                         r  U1_SCPU/ID_EX/data_out_reg[44]/D
  -------------------------------------------------------------------    -------------------

Slack:                    inf
  Source:                 sw_i[7]
                            (input port)
  Destination:            U1_SCPU/ID_EX/data_out_reg[121]/D
  Path Group:             (none)
  Path Type:              Max at Slow Process Corner
  Data Path Delay:        27.369ns  (logic 3.881ns (14.180%)  route 23.488ns (85.820%))
  Logic Levels:           13  (CARRY4=1 IBUF=1 LUT2=1 LUT3=2 LUT4=2 LUT6=6)

    Location             Delay type                Incr(ns)  Path(ns)    Netlist Resource(s)
  -------------------------------------------------------------------    -------------------
    R13                                               0.000     0.000 r  sw_i[7] (IN)
                         net (fo=0)                   0.000     0.000    sw_i[7]
    R13                  IBUF (Prop_ibuf_I_O)         1.508     1.508 r  sw_i_IBUF[7]_inst/O
                         net (fo=42, routed)          7.790     9.298    U1_SCPU/EX_MEM/sw_i_IBUF[7]
    SLICE_X67Y113        LUT4 (Prop_lut4_I2_O)        0.150     9.448 f  U1_SCPU/EX_MEM/data_out[47]_i_11__0/O
                         net (fo=1, routed)           0.436     9.885    U1_SCPU/EX_MEM/data_out[47]_i_11__0_n_0
    SLICE_X67Y113        LUT6 (Prop_lut6_I3_O)        0.326    10.211 r  U1_SCPU/EX_MEM/data_out[47]_i_5__0/O
                         net (fo=8, routed)           0.827    11.038    U1_SCPU/EX_MEM/data_out[47]_i_5__0_n_0
    SLICE_X67Y114        LUT6 (Prop_lut6_I1_O)        0.124    11.162 r  U1_SCPU/EX_MEM/data_out[62]_i_2__0/O
                         net (fo=30, routed)          2.174    13.335    U1_SCPU/EX_MEM/data_out[62]_i_2__0_n_0
    SLICE_X62Y123        LUT6 (Prop_lut6_I4_O)        0.124    13.459 r  U1_SCPU/EX_MEM/data_out[59]_i_2/O
                         net (fo=2, routed)           1.293    14.753    U1_SCPU/EX_MEM/data_out[59]_i_2_n_0
    SLICE_X50Y126        LUT6 (Prop_lut6_I1_O)        0.124    14.877 r  U1_SCPU/EX_MEM/data_out[59]_i_1/O
                         net (fo=2, routed)           1.287    16.163    U1_SCPU/ID_EX/data_out[64]_i_16[18]
    SLICE_X48Y122        LUT3 (Prop_lut3_I2_O)        0.154    16.317 r  U1_SCPU/ID_EX/data_out[91]_i_13__0/O
                         net (fo=9, routed)           0.788    17.106    U1_SCPU/ID_EX/data_out_reg[31]_0[21]
    SLICE_X47Y120        LUT4 (Prop_lut4_I3_O)        0.327    17.433 r  U1_SCPU/ID_EX/data_out[64]_i_14__0/O
                         net (fo=2, routed)           0.681    18.114    U1_SCPU/EX_MEM/data_out[63]_i_10__0[1]
    SLICE_X46Y118        CARRY4 (Prop_carry4_DI[1]_CO[3])
                                                      0.520    18.634 r  U1_SCPU/EX_MEM/data_out_reg[64]_i_7/CO[3]
                         net (fo=2, routed)           1.319    19.953    U1_SCPU/ID_EX/data_out_reg[64]_3[0]
    SLICE_X46Y113        LUT6 (Prop_lut6_I5_O)        0.124    20.077 f  U1_SCPU/ID_EX/data_out[63]_i_10__0/O
                         net (fo=1, routed)           0.897    20.974    U1_SCPU/ID_EX/branch0
    SLICE_X46Y113        LUT3 (Prop_lut3_I0_O)        0.124    21.098 f  U1_SCPU/ID_EX/data_out[63]_i_7__1/O
                         net (fo=132, routed)         1.889    22.987    U1_SCPU/EX_MEM/data_out_reg[5]_0
    SLICE_X62Y120        LUT6 (Prop_lut6_I4_O)        0.124    23.111 f  U1_SCPU/EX_MEM/data_out[178]_i_5/O
                         net (fo=162, routed)         4.106    27.217    U1_SCPU/ID_EX/flush_EX
    SLICE_X50Y123        LUT2 (Prop_lut2_I1_O)        0.152    27.369 r  U1_SCPU/ID_EX/data_out[121]_i_1/O
                         net (fo=1, routed)           0.000    27.369    U1_SCPU/ID_EX/p_0_in_0[121]
    SLICE_X50Y123        FDCE                                         r  U1_SCPU/ID_EX/data_out_reg[121]/D
  -------------------------------------------------------------------    -------------------

Slack:                    inf
  Source:                 sw_i[7]
                            (input port)
  Destination:            U1_SCPU/ID_EX/data_out_reg[125]/D
  Path Group:             (none)
  Path Type:              Max at Slow Process Corner
  Data Path Delay:        27.364ns  (logic 3.881ns (14.183%)  route 23.483ns (85.817%))
  Logic Levels:           13  (CARRY4=1 IBUF=1 LUT2=1 LUT3=2 LUT4=2 LUT6=6)

    Location             Delay type                Incr(ns)  Path(ns)    Netlist Resource(s)
  -------------------------------------------------------------------    -------------------
    R13                                               0.000     0.000 r  sw_i[7] (IN)
                         net (fo=0)                   0.000     0.000    sw_i[7]
    R13                  IBUF (Prop_ibuf_I_O)         1.508     1.508 r  sw_i_IBUF[7]_inst/O
                         net (fo=42, routed)          7.790     9.298    U1_SCPU/EX_MEM/sw_i_IBUF[7]
    SLICE_X67Y113        LUT4 (Prop_lut4_I2_O)        0.150     9.448 f  U1_SCPU/EX_MEM/data_out[47]_i_11__0/O
                         net (fo=1, routed)           0.436     9.885    U1_SCPU/EX_MEM/data_out[47]_i_11__0_n_0
    SLICE_X67Y113        LUT6 (Prop_lut6_I3_O)        0.326    10.211 r  U1_SCPU/EX_MEM/data_out[47]_i_5__0/O
                         net (fo=8, routed)           0.827    11.038    U1_SCPU/EX_MEM/data_out[47]_i_5__0_n_0
    SLICE_X67Y114        LUT6 (Prop_lut6_I1_O)        0.124    11.162 r  U1_SCPU/EX_MEM/data_out[62]_i_2__0/O
                         net (fo=30, routed)          2.174    13.335    U1_SCPU/EX_MEM/data_out[62]_i_2__0_n_0
    SLICE_X62Y123        LUT6 (Prop_lut6_I4_O)        0.124    13.459 r  U1_SCPU/EX_MEM/data_out[59]_i_2/O
                         net (fo=2, routed)           1.293    14.753    U1_SCPU/EX_MEM/data_out[59]_i_2_n_0
    SLICE_X50Y126        LUT6 (Prop_lut6_I1_O)        0.124    14.877 r  U1_SCPU/EX_MEM/data_out[59]_i_1/O
                         net (fo=2, routed)           1.287    16.163    U1_SCPU/ID_EX/data_out[64]_i_16[18]
    SLICE_X48Y122        LUT3 (Prop_lut3_I2_O)        0.154    16.317 r  U1_SCPU/ID_EX/data_out[91]_i_13__0/O
                         net (fo=9, routed)           0.788    17.106    U1_SCPU/ID_EX/data_out_reg[31]_0[21]
    SLICE_X47Y120        LUT4 (Prop_lut4_I3_O)        0.327    17.433 r  U1_SCPU/ID_EX/data_out[64]_i_14__0/O
                         net (fo=2, routed)           0.681    18.114    U1_SCPU/EX_MEM/data_out[63]_i_10__0[1]
    SLICE_X46Y118        CARRY4 (Prop_carry4_DI[1]_CO[3])
                                                      0.520    18.634 r  U1_SCPU/EX_MEM/data_out_reg[64]_i_7/CO[3]
                         net (fo=2, routed)           1.319    19.953    U1_SCPU/ID_EX/data_out_reg[64]_3[0]
    SLICE_X46Y113        LUT6 (Prop_lut6_I5_O)        0.124    20.077 f  U1_SCPU/ID_EX/data_out[63]_i_10__0/O
                         net (fo=1, routed)           0.897    20.974    U1_SCPU/ID_EX/branch0
    SLICE_X46Y113        LUT3 (Prop_lut3_I0_O)        0.124    21.098 f  U1_SCPU/ID_EX/data_out[63]_i_7__1/O
                         net (fo=132, routed)         1.889    22.987    U1_SCPU/EX_MEM/data_out_reg[5]_0
    SLICE_X62Y120        LUT6 (Prop_lut6_I4_O)        0.124    23.111 f  U1_SCPU/EX_MEM/data_out[178]_i_5/O
                         net (fo=162, routed)         4.101    27.212    U1_SCPU/ID_EX/flush_EX
    SLICE_X51Y123        LUT2 (Prop_lut2_I1_O)        0.152    27.364 r  U1_SCPU/ID_EX/data_out[125]_i_1/O
                         net (fo=1, routed)           0.000    27.364    U1_SCPU/ID_EX/p_0_in_0[125]
    SLICE_X51Y123        FDCE                                         r  U1_SCPU/ID_EX/data_out_reg[125]/D
  -------------------------------------------------------------------    -------------------

Slack:                    inf
  Source:                 sw_i[7]
                            (input port)
  Destination:            U1_SCPU/ID_EX/data_out_reg[120]/D
  Path Group:             (none)
  Path Type:              Max at Slow Process Corner
  Data Path Delay:        27.341ns  (logic 3.853ns (14.092%)  route 23.488ns (85.908%))
  Logic Levels:           13  (CARRY4=1 IBUF=1 LUT2=1 LUT3=2 LUT4=2 LUT6=6)

    Location             Delay type                Incr(ns)  Path(ns)    Netlist Resource(s)
  -------------------------------------------------------------------    -------------------
    R13                                               0.000     0.000 r  sw_i[7] (IN)
                         net (fo=0)                   0.000     0.000    sw_i[7]
    R13                  IBUF (Prop_ibuf_I_O)         1.508     1.508 r  sw_i_IBUF[7]_inst/O
                         net (fo=42, routed)          7.790     9.298    U1_SCPU/EX_MEM/sw_i_IBUF[7]
    SLICE_X67Y113        LUT4 (Prop_lut4_I2_O)        0.150     9.448 f  U1_SCPU/EX_MEM/data_out[47]_i_11__0/O
                         net (fo=1, routed)           0.436     9.885    U1_SCPU/EX_MEM/data_out[47]_i_11__0_n_0
    SLICE_X67Y113        LUT6 (Prop_lut6_I3_O)        0.326    10.211 r  U1_SCPU/EX_MEM/data_out[47]_i_5__0/O
                         net (fo=8, routed)           0.827    11.038    U1_SCPU/EX_MEM/data_out[47]_i_5__0_n_0
    SLICE_X67Y114        LUT6 (Prop_lut6_I1_O)        0.124    11.162 r  U1_SCPU/EX_MEM/data_out[62]_i_2__0/O
                         net (fo=30, routed)          2.174    13.335    U1_SCPU/EX_MEM/data_out[62]_i_2__0_n_0
    SLICE_X62Y123        LUT6 (Prop_lut6_I4_O)        0.124    13.459 r  U1_SCPU/EX_MEM/data_out[59]_i_2/O
                         net (fo=2, routed)           1.293    14.753    U1_SCPU/EX_MEM/data_out[59]_i_2_n_0
    SLICE_X50Y126        LUT6 (Prop_lut6_I1_O)        0.124    14.877 r  U1_SCPU/EX_MEM/data_out[59]_i_1/O
                         net (fo=2, routed)           1.287    16.163    U1_SCPU/ID_EX/data_out[64]_i_16[18]
    SLICE_X48Y122        LUT3 (Prop_lut3_I2_O)        0.154    16.317 r  U1_SCPU/ID_EX/data_out[91]_i_13__0/O
                         net (fo=9, routed)           0.788    17.106    U1_SCPU/ID_EX/data_out_reg[31]_0[21]
    SLICE_X47Y120        LUT4 (Prop_lut4_I3_O)        0.327    17.433 r  U1_SCPU/ID_EX/data_out[64]_i_14__0/O
                         net (fo=2, routed)           0.681    18.114    U1_SCPU/EX_MEM/data_out[63]_i_10__0[1]
    SLICE_X46Y118        CARRY4 (Prop_carry4_DI[1]_CO[3])
                                                      0.520    18.634 r  U1_SCPU/EX_MEM/data_out_reg[64]_i_7/CO[3]
                         net (fo=2, routed)           1.319    19.953    U1_SCPU/ID_EX/data_out_reg[64]_3[0]
    SLICE_X46Y113        LUT6 (Prop_lut6_I5_O)        0.124    20.077 f  U1_SCPU/ID_EX/data_out[63]_i_10__0/O
                         net (fo=1, routed)           0.897    20.974    U1_SCPU/ID_EX/branch0
    SLICE_X46Y113        LUT3 (Prop_lut3_I0_O)        0.124    21.098 f  U1_SCPU/ID_EX/data_out[63]_i_7__1/O
                         net (fo=132, routed)         1.889    22.987    U1_SCPU/EX_MEM/data_out_reg[5]_0
    SLICE_X62Y120        LUT6 (Prop_lut6_I4_O)        0.124    23.111 f  U1_SCPU/EX_MEM/data_out[178]_i_5/O
                         net (fo=162, routed)         4.106    27.217    U1_SCPU/ID_EX/flush_EX
    SLICE_X50Y123        LUT2 (Prop_lut2_I1_O)        0.124    27.341 r  U1_SCPU/ID_EX/data_out[120]_i_1/O
                         net (fo=1, routed)           0.000    27.341    U1_SCPU/ID_EX/p_0_in_0[120]
    SLICE_X50Y123        FDCE                                         r  U1_SCPU/ID_EX/data_out_reg[120]/D
  -------------------------------------------------------------------    -------------------

Slack:                    inf
  Source:                 sw_i[7]
                            (input port)
  Destination:            U1_SCPU/ID_EX/data_out_reg[124]/D
  Path Group:             (none)
  Path Type:              Max at Slow Process Corner
  Data Path Delay:        27.336ns  (logic 3.853ns (14.095%)  route 23.483ns (85.905%))
  Logic Levels:           13  (CARRY4=1 IBUF=1 LUT2=1 LUT3=2 LUT4=2 LUT6=6)

    Location             Delay type                Incr(ns)  Path(ns)    Netlist Resource(s)
  -------------------------------------------------------------------    -------------------
    R13                                               0.000     0.000 r  sw_i[7] (IN)
                         net (fo=0)                   0.000     0.000    sw_i[7]
    R13                  IBUF (Prop_ibuf_I_O)         1.508     1.508 r  sw_i_IBUF[7]_inst/O
                         net (fo=42, routed)          7.790     9.298    U1_SCPU/EX_MEM/sw_i_IBUF[7]
    SLICE_X67Y113        LUT4 (Prop_lut4_I2_O)        0.150     9.448 f  U1_SCPU/EX_MEM/data_out[47]_i_11__0/O
                         net (fo=1, routed)           0.436     9.885    U1_SCPU/EX_MEM/data_out[47]_i_11__0_n_0
    SLICE_X67Y113        LUT6 (Prop_lut6_I3_O)        0.326    10.211 r  U1_SCPU/EX_MEM/data_out[47]_i_5__0/O
                         net (fo=8, routed)           0.827    11.038    U1_SCPU/EX_MEM/data_out[47]_i_5__0_n_0
    SLICE_X67Y114        LUT6 (Prop_lut6_I1_O)        0.124    11.162 r  U1_SCPU/EX_MEM/data_out[62]_i_2__0/O
                         net (fo=30, routed)          2.174    13.335    U1_SCPU/EX_MEM/data_out[62]_i_2__0_n_0
    SLICE_X62Y123        LUT6 (Prop_lut6_I4_O)        0.124    13.459 r  U1_SCPU/EX_MEM/data_out[59]_i_2/O
                         net (fo=2, routed)           1.293    14.753    U1_SCPU/EX_MEM/data_out[59]_i_2_n_0
    SLICE_X50Y126        LUT6 (Prop_lut6_I1_O)        0.124    14.877 r  U1_SCPU/EX_MEM/data_out[59]_i_1/O
                         net (fo=2, routed)           1.287    16.163    U1_SCPU/ID_EX/data_out[64]_i_16[18]
    SLICE_X48Y122        LUT3 (Prop_lut3_I2_O)        0.154    16.317 r  U1_SCPU/ID_EX/data_out[91]_i_13__0/O
                         net (fo=9, routed)           0.788    17.106    U1_SCPU/ID_EX/data_out_reg[31]_0[21]
    SLICE_X47Y120        LUT4 (Prop_lut4_I3_O)        0.327    17.433 r  U1_SCPU/ID_EX/data_out[64]_i_14__0/O
                         net (fo=2, routed)           0.681    18.114    U1_SCPU/EX_MEM/data_out[63]_i_10__0[1]
    SLICE_X46Y118        CARRY4 (Prop_carry4_DI[1]_CO[3])
                                                      0.520    18.634 r  U1_SCPU/EX_MEM/data_out_reg[64]_i_7/CO[3]
                         net (fo=2, routed)           1.319    19.953    U1_SCPU/ID_EX/data_out_reg[64]_3[0]
    SLICE_X46Y113        LUT6 (Prop_lut6_I5_O)        0.124    20.077 f  U1_SCPU/ID_EX/data_out[63]_i_10__0/O
                         net (fo=1, routed)           0.897    20.974    U1_SCPU/ID_EX/branch0
    SLICE_X46Y113        LUT3 (Prop_lut3_I0_O)        0.124    21.098 f  U1_SCPU/ID_EX/data_out[63]_i_7__1/O
                         net (fo=132, routed)         1.889    22.987    U1_SCPU/EX_MEM/data_out_reg[5]_0
    SLICE_X62Y120        LUT6 (Prop_lut6_I4_O)        0.124    23.111 f  U1_SCPU/EX_MEM/data_out[178]_i_5/O
                         net (fo=162, routed)         4.101    27.212    U1_SCPU/ID_EX/flush_EX
    SLICE_X51Y123        LUT2 (Prop_lut2_I1_O)        0.124    27.336 r  U1_SCPU/ID_EX/data_out[124]_i_1/O
                         net (fo=1, routed)           0.000    27.336    U1_SCPU/ID_EX/p_0_in_0[124]
    SLICE_X51Y123        FDCE                                         r  U1_SCPU/ID_EX/data_out_reg[124]/D
  -------------------------------------------------------------------    -------------------





Min Delay Paths
--------------------------------------------------------------------------------------
Slack:                    inf
  Source:                 U1_SCPU/ID_EX/data_out_reg[1]/C
                            (rising edge-triggered cell FDCE)
  Destination:            U1_SCPU/EX_MEM/data_out_reg[1]/D
  Path Group:             (none)
  Path Type:              Min at Fast Process Corner
  Data Path Delay:        0.224ns  (logic 0.141ns (62.906%)  route 0.083ns (37.094%))
  Logic Levels:           1  (FDCE=1)

    Location             Delay type                Incr(ns)  Path(ns)    Netlist Resource(s)
  -------------------------------------------------------------------    -------------------
    SLICE_X52Y116        FDCE                         0.000     0.000 r  U1_SCPU/ID_EX/data_out_reg[1]/C
    SLICE_X52Y116        FDCE (Prop_fdce_C_Q)         0.141     0.141 r  U1_SCPU/ID_EX/data_out_reg[1]/Q
                         net (fo=4, routed)           0.083     0.224    U1_SCPU/EX_MEM/IMMout_EX[1]
    SLICE_X52Y116        FDCE                                         r  U1_SCPU/EX_MEM/data_out_reg[1]/D
  -------------------------------------------------------------------    -------------------

Slack:                    inf
  Source:                 U9_Counter_x/counter0_Lock_reg[2]/C
                            (rising edge-triggered cell FDCE)
  Destination:            U9_Counter_x/counter0_reg[2]/D
  Path Group:             (none)
  Path Type:              Min at Fast Process Corner
  Data Path Delay:        0.250ns  (logic 0.186ns (74.383%)  route 0.064ns (25.617%))
  Logic Levels:           2  (FDCE=1 LUT5=1)

    Location             Delay type                Incr(ns)  Path(ns)    Netlist Resource(s)
  -------------------------------------------------------------------    -------------------
    SLICE_X64Y111        FDCE                         0.000     0.000 r  U9_Counter_x/counter0_Lock_reg[2]/C
    SLICE_X64Y111        FDCE (Prop_fdce_C_Q)         0.141     0.141 r  U9_Counter_x/counter0_Lock_reg[2]/Q
                         net (fo=2, routed)           0.064     0.205    U9_Counter_x/counter0_Lock[2]
    SLICE_X65Y111        LUT5 (Prop_lut5_I3_O)        0.045     0.250 r  U9_Counter_x/counter0[2]_i_1/O
                         net (fo=1, routed)           0.000     0.250    U9_Counter_x/counter0[2]_i_1_n_0
    SLICE_X65Y111        FDCE                                         r  U9_Counter_x/counter0_reg[2]/D
  -------------------------------------------------------------------    -------------------

Slack:                    inf
  Source:                 U9_Counter_x/counter0_Lock_reg[1]/C
                            (rising edge-triggered cell FDCE)
  Destination:            U9_Counter_x/counter0_reg[0]/D
  Path Group:             (none)
  Path Type:              Min at Fast Process Corner
  Data Path Delay:        0.251ns  (logic 0.186ns (74.094%)  route 0.065ns (25.906%))
  Logic Levels:           2  (FDCE=1 LUT5=1)

    Location             Delay type                Incr(ns)  Path(ns)    Netlist Resource(s)
  -------------------------------------------------------------------    -------------------
    SLICE_X64Y111        FDCE                         0.000     0.000 r  U9_Counter_x/counter0_Lock_reg[1]/C
    SLICE_X64Y111        FDCE (Prop_fdce_C_Q)         0.141     0.141 r  U9_Counter_x/counter0_Lock_reg[1]/Q
                         net (fo=2, routed)           0.065     0.206    U9_Counter_x/counter0_Lock[1]
    SLICE_X65Y111        LUT5 (Prop_lut5_I3_O)        0.045     0.251 r  U9_Counter_x/counter0[0]_i_1/O
                         net (fo=1, routed)           0.000     0.251    U9_Counter_x/counter0[0]_i_1_n_0
    SLICE_X65Y111        FDCE                                         r  U9_Counter_x/counter0_reg[0]/D
  -------------------------------------------------------------------    -------------------

Slack:                    inf
  Source:                 U9_Counter_x/counter0_Lock_reg[2]/C
                            (rising edge-triggered cell FDCE)
  Destination:            U9_Counter_x/counter0_reg[1]/D
  Path Group:             (none)
  Path Type:              Min at Fast Process Corner
  Data Path Delay:        0.251ns  (logic 0.186ns (74.086%)  route 0.065ns (25.914%))
  Logic Levels:           2  (FDCE=1 LUT5=1)

    Location             Delay type                Incr(ns)  Path(ns)    Netlist Resource(s)
  -------------------------------------------------------------------    -------------------
    SLICE_X64Y111        FDCE                         0.000     0.000 r  U9_Counter_x/counter0_Lock_reg[2]/C
    SLICE_X64Y111        FDCE (Prop_fdce_C_Q)         0.141     0.141 r  U9_Counter_x/counter0_Lock_reg[2]/Q
                         net (fo=2, routed)           0.065     0.206    U9_Counter_x/counter0_Lock[2]
    SLICE_X65Y111        LUT5 (Prop_lut5_I1_O)        0.045     0.251 r  U9_Counter_x/counter0[1]_i_1/O
                         net (fo=1, routed)           0.000     0.251    U9_Counter_x/counter0[1]_i_1_n_0
    SLICE_X65Y111        FDCE                                         r  U9_Counter_x/counter0_reg[1]/D
  -------------------------------------------------------------------    -------------------

Slack:                    inf
  Source:                 U1_SCPU/ID_EX/data_out_reg[101]/C
                            (rising edge-triggered cell FDCE)
  Destination:            U1_SCPU/EX_MEM/data_out_reg[101]/D
  Path Group:             (none)
  Path Type:              Min at Fast Process Corner
  Data Path Delay:        0.257ns  (logic 0.128ns (49.735%)  route 0.129ns (50.265%))
  Logic Levels:           1  (FDCE=1)

    Location             Delay type                Incr(ns)  Path(ns)    Netlist Resource(s)
  -------------------------------------------------------------------    -------------------
    SLICE_X52Y114        FDCE                         0.000     0.000 r  U1_SCPU/ID_EX/data_out_reg[101]/C
    SLICE_X52Y114        FDCE (Prop_fdce_C_Q)         0.128     0.128 r  U1_SCPU/ID_EX/data_out_reg[101]/Q
                         net (fo=2, routed)           0.129     0.257    U1_SCPU/EX_MEM/pc_EX[5]
    SLICE_X52Y115        FDCE                                         r  U1_SCPU/EX_MEM/data_out_reg[101]/D
  -------------------------------------------------------------------    -------------------

Slack:                    inf
  Source:                 U1_SCPU/ID_EX/data_out_reg[165]/C
                            (rising edge-triggered cell FDCE)
  Destination:            U1_SCPU/EX_MEM/data_out_reg[161]/D
  Path Group:             (none)
  Path Type:              Min at Fast Process Corner
  Data Path Delay:        0.259ns  (logic 0.141ns (54.442%)  route 0.118ns (45.558%))
  Logic Levels:           1  (FDCE=1)

    Location             Delay type                Incr(ns)  Path(ns)    Netlist Resource(s)
  -------------------------------------------------------------------    -------------------
    SLICE_X52Y113        FDCE                         0.000     0.000 r  U1_SCPU/ID_EX/data_out_reg[165]/C
    SLICE_X52Y113        FDCE (Prop_fdce_C_Q)         0.141     0.141 r  U1_SCPU/ID_EX/data_out_reg[165]/Q
                         net (fo=1, routed)           0.118     0.259    U1_SCPU/EX_MEM/lui_EX
    SLICE_X52Y113        FDCE                                         r  U1_SCPU/EX_MEM/data_out_reg[161]/D
  -------------------------------------------------------------------    -------------------

Slack:                    inf
  Source:                 U1_SCPU/EX_MEM/data_out_reg[59]/C
                            (rising edge-triggered cell FDCE)
  Destination:            U5_Multi_8CH32/_Data5_reg[27]/D
  Path Group:             (none)
  Path Type:              Min at Fast Process Corner
  Data Path Delay:        0.263ns  (logic 0.141ns (53.584%)  route 0.122ns (46.416%))
  Logic Levels:           1  (FDCE=1)

    Location             Delay type                Incr(ns)  Path(ns)    Netlist Resource(s)
  -------------------------------------------------------------------    -------------------
    SLICE_X63Y123        FDCE                         0.000     0.000 r  U1_SCPU/EX_MEM/data_out_reg[59]/C
    SLICE_X63Y123        FDCE (Prop_fdce_C_Q)         0.141     0.141 r  U1_SCPU/EX_MEM/data_out_reg[59]/Q
                         net (fo=4, routed)           0.122     0.263    U5_Multi_8CH32/data5[27]
    SLICE_X62Y123        FDCE                                         r  U5_Multi_8CH32/_Data5_reg[27]/D
  -------------------------------------------------------------------    -------------------

Slack:                    inf
  Source:                 U1_SCPU/ID_EX/data_out_reg[99]/C
                            (rising edge-triggered cell FDCE)
  Destination:            U1_SCPU/EX_MEM/data_out_reg[99]/D
  Path Group:             (none)
  Path Type:              Min at Fast Process Corner
  Data Path Delay:        0.263ns  (logic 0.128ns (48.625%)  route 0.135ns (51.375%))
  Logic Levels:           1  (FDCE=1)

    Location             Delay type                Incr(ns)  Path(ns)    Netlist Resource(s)
  -------------------------------------------------------------------    -------------------
    SLICE_X53Y114        FDCE                         0.000     0.000 r  U1_SCPU/ID_EX/data_out_reg[99]/C
    SLICE_X53Y114        FDCE (Prop_fdce_C_Q)         0.128     0.128 r  U1_SCPU/ID_EX/data_out_reg[99]/Q
                         net (fo=2, routed)           0.135     0.263    U1_SCPU/EX_MEM/pc_EX[3]
    SLICE_X53Y114        FDCE                                         r  U1_SCPU/EX_MEM/data_out_reg[99]/D
  -------------------------------------------------------------------    -------------------

Slack:                    inf
  Source:                 U1_SCPU/ID_EX/data_out_reg[124]/C
                            (rising edge-triggered cell FDCE)
  Destination:            U1_SCPU/EX_MEM/data_out_reg[124]/D
  Path Group:             (none)
  Path Type:              Min at Fast Process Corner
  Data Path Delay:        0.265ns  (logic 0.141ns (53.167%)  route 0.124ns (46.833%))
  Logic Levels:           1  (FDCE=1)

    Location             Delay type                Incr(ns)  Path(ns)    Netlist Resource(s)
  -------------------------------------------------------------------    -------------------
    SLICE_X51Y123        FDCE                         0.000     0.000 r  U1_SCPU/ID_EX/data_out_reg[124]/C
    SLICE_X51Y123        FDCE (Prop_fdce_C_Q)         0.141     0.141 r  U1_SCPU/ID_EX/data_out_reg[124]/Q
                         net (fo=2, routed)           0.124     0.265    U1_SCPU/EX_MEM/pc_EX[28]
    SLICE_X50Y124        FDCE                                         r  U1_SCPU/EX_MEM/data_out_reg[124]/D
  -------------------------------------------------------------------    -------------------

Slack:                    inf
  Source:                 U1_SCPU/ID_EX/data_out_reg[103]/C
                            (rising edge-triggered cell FDCE)
  Destination:            U1_SCPU/EX_MEM/data_out_reg[103]/D
  Path Group:             (none)
  Path Type:              Min at Fast Process Corner
  Data Path Delay:        0.266ns  (logic 0.128ns (48.166%)  route 0.138ns (51.834%))
  Logic Levels:           1  (FDCE=1)

    Location             Delay type                Incr(ns)  Path(ns)    Netlist Resource(s)
  -------------------------------------------------------------------    -------------------
    SLICE_X52Y114        FDCE                         0.000     0.000 r  U1_SCPU/ID_EX/data_out_reg[103]/C
    SLICE_X52Y114        FDCE (Prop_fdce_C_Q)         0.128     0.128 r  U1_SCPU/ID_EX/data_out_reg[103]/Q
                         net (fo=2, routed)           0.138     0.266    U1_SCPU/EX_MEM/pc_EX[7]
    SLICE_X52Y115        FDCE                                         r  U1_SCPU/EX_MEM/data_out_reg[103]/D
  -------------------------------------------------------------------    -------------------





--------------------------------------------------------------------------------------
Path Group:  (none)
From Clock:  sys_clk_pin
  To Clock:  

Max Delay           414 Endpoints
Min Delay           414 Endpoints
--------------------------------------------------------------------------------------


Max Delay Paths
--------------------------------------------------------------------------------------
Slack:                    inf
  Source:                 <hidden>
                            (falling edge-triggered cell RAMB36E1 clocked by sys_clk_pin  {rise@0.000ns fall@50.000ns period=100.000ns})
  Destination:            U1_SCPU/ID_EX/data_out_reg[45]/D
  Path Group:             (none)
  Path Type:              Max at Slow Process Corner
  Data Path Delay:        21.152ns  (logic 3.225ns (15.247%)  route 17.927ns (84.753%))
  Logic Levels:           12  (CARRY4=1 LUT3=3 LUT4=1 LUT6=7)
  Clock Uncertainty:      0.025ns  ((TSJ^2 + TIJ^2)^1/2 + DJ) / 2 + PE
    Total System Jitter     (TSJ):    0.050ns
    Total Input Jitter      (TIJ):    0.000ns
    Discrete Jitter          (DJ):    0.000ns
    Phase Error              (PE):    0.000ns

    Location             Delay type                Incr(ns)  Path(ns)    Netlist Resource(s)
  -------------------------------------------------------------------    -------------------
                         (clock sys_clk_pin fall edge)
                                                     50.000    50.000 f  
    E3                                                0.000    50.000 f  clk (IN)
                         net (fo=0)                   0.000    50.000    clk
    E3                   IBUF (Prop_ibuf_I_O)         1.482    51.482 f  clk_IBUF_inst/O
                         net (fo=1, routed)           2.025    53.506    clk_IBUF
    BUFGCTRL_X0Y16       BUFG (Prop_bufg_I_O)         0.096    53.602 f  clk_IBUF_BUFG_inst/O
                         net (fo=88, routed)          1.647    55.250    <hidden>
    RAMB36_X1Y23         RAMB36E1                                     r  <hidden>  (IS_INVERTED)
  -------------------------------------------------------------------    -------------------
    RAMB36_X1Y23         RAMB36E1 (Prop_ramb36e1_CLKARDCLK_DOADO[7])
                                                      0.882    56.132 r  <hidden>
                         net (fo=6, routed)           1.627    57.759    U1_SCPU/EX_MEM/douta[31]
    SLICE_X66Y114        LUT3 (Prop_lut3_I0_O)        0.146    57.905 r  U1_SCPU/EX_MEM/data_out[63]_i_8__1/O
                         net (fo=2, routed)           0.676    58.580    U1_SCPU/EX_MEM/data_out[63]_i_8__1_n_0
    SLICE_X67Y114        LUT6 (Prop_lut6_I4_O)        0.328    58.908 f  U1_SCPU/EX_MEM/data_out[63]_i_2__0/O
                         net (fo=2, routed)           0.679    59.587    U1_SCPU/EX_MEM/data_out[63]_i_2__0_n_0
    SLICE_X67Y114        LUT6 (Prop_lut6_I3_O)        0.124    59.711 r  U1_SCPU/EX_MEM/data_out[62]_i_2__0/O
                         net (fo=30, routed)          2.174    61.885    U1_SCPU/EX_MEM/data_out[62]_i_2__0_n_0
    SLICE_X62Y123        LUT6 (Prop_lut6_I4_O)        0.124    62.009 r  U1_SCPU/EX_MEM/data_out[59]_i_2/O
                         net (fo=2, routed)           1.293    63.302    U1_SCPU/EX_MEM/data_out[59]_i_2_n_0
    SLICE_X50Y126        LUT6 (Prop_lut6_I1_O)        0.124    63.426 r  U1_SCPU/EX_MEM/data_out[59]_i_1/O
                         net (fo=2, routed)           1.287    64.713    U1_SCPU/ID_EX/data_out[64]_i_16[18]
    SLICE_X48Y122        LUT3 (Prop_lut3_I2_O)        0.154    64.867 r  U1_SCPU/ID_EX/data_out[91]_i_13__0/O
                         net (fo=9, routed)           0.788    65.655    U1_SCPU/ID_EX/data_out_reg[31]_0[21]
    SLICE_X47Y120        LUT4 (Prop_lut4_I3_O)        0.327    65.982 r  U1_SCPU/ID_EX/data_out[64]_i_14__0/O
                         net (fo=2, routed)           0.681    66.664    U1_SCPU/EX_MEM/data_out[63]_i_10__0[1]
    SLICE_X46Y118        CARRY4 (Prop_carry4_DI[1]_CO[3])
                                                      0.520    67.184 r  U1_SCPU/EX_MEM/data_out_reg[64]_i_7/CO[3]
                         net (fo=2, routed)           1.319    68.503    U1_SCPU/ID_EX/data_out_reg[64]_3[0]
    SLICE_X46Y113        LUT6 (Prop_lut6_I5_O)        0.124    68.627 f  U1_SCPU/ID_EX/data_out[63]_i_10__0/O
                         net (fo=1, routed)           0.897    69.524    U1_SCPU/ID_EX/branch0
    SLICE_X46Y113        LUT3 (Prop_lut3_I0_O)        0.124    69.648 f  U1_SCPU/ID_EX/data_out[63]_i_7__1/O
                         net (fo=132, routed)         1.889    71.537    U1_SCPU/EX_MEM/data_out_reg[5]_0
    SLICE_X62Y120        LUT6 (Prop_lut6_I4_O)        0.124    71.661 f  U1_SCPU/EX_MEM/data_out[178]_i_5/O
                         net (fo=162, routed)         4.617    76.278    U1_SCPU/ID_EX/flush_EX
    SLICE_X31Y119        LUT6 (Prop_lut6_I5_O)        0.124    76.402 r  U1_SCPU/ID_EX/data_out[45]_i_1/O
                         net (fo=1, routed)           0.000    76.402    U1_SCPU/ID_EX/p_0_in_0[45]
    SLICE_X31Y119        FDCE                                         r  U1_SCPU/ID_EX/data_out_reg[45]/D
  -------------------------------------------------------------------    -------------------

Slack:                    inf
  Source:                 <hidden>
                            (falling edge-triggered cell RAMB36E1 clocked by sys_clk_pin  {rise@0.000ns fall@50.000ns period=100.000ns})
  Destination:            U1_SCPU/ID_EX/data_out_reg[47]/D
  Path Group:             (none)
  Path Type:              Max at Slow Process Corner
  Data Path Delay:        20.895ns  (logic 3.225ns (15.435%)  route 17.670ns (84.566%))
  Logic Levels:           12  (CARRY4=1 LUT3=3 LUT4=1 LUT6=7)
  Clock Uncertainty:      0.025ns  ((TSJ^2 + TIJ^2)^1/2 + DJ) / 2 + PE
    Total System Jitter     (TSJ):    0.050ns
    Total Input Jitter      (TIJ):    0.000ns
    Discrete Jitter          (DJ):    0.000ns
    Phase Error              (PE):    0.000ns

    Location             Delay type                Incr(ns)  Path(ns)    Netlist Resource(s)
  -------------------------------------------------------------------    -------------------
                         (clock sys_clk_pin fall edge)
                                                     50.000    50.000 f  
    E3                                                0.000    50.000 f  clk (IN)
                         net (fo=0)                   0.000    50.000    clk
    E3                   IBUF (Prop_ibuf_I_O)         1.482    51.482 f  clk_IBUF_inst/O
                         net (fo=1, routed)           2.025    53.506    clk_IBUF
    BUFGCTRL_X0Y16       BUFG (Prop_bufg_I_O)         0.096    53.602 f  clk_IBUF_BUFG_inst/O
                         net (fo=88, routed)          1.647    55.250    <hidden>
    RAMB36_X1Y23         RAMB36E1                                     r  <hidden>  (IS_INVERTED)
  -------------------------------------------------------------------    -------------------
    RAMB36_X1Y23         RAMB36E1 (Prop_ramb36e1_CLKARDCLK_DOADO[7])
                                                      0.882    56.132 r  <hidden>
                         net (fo=6, routed)           1.627    57.759    U1_SCPU/EX_MEM/douta[31]
    SLICE_X66Y114        LUT3 (Prop_lut3_I0_O)        0.146    57.905 r  U1_SCPU/EX_MEM/data_out[63]_i_8__1/O
                         net (fo=2, routed)           0.676    58.580    U1_SCPU/EX_MEM/data_out[63]_i_8__1_n_0
    SLICE_X67Y114        LUT6 (Prop_lut6_I4_O)        0.328    58.908 f  U1_SCPU/EX_MEM/data_out[63]_i_2__0/O
                         net (fo=2, routed)           0.679    59.587    U1_SCPU/EX_MEM/data_out[63]_i_2__0_n_0
    SLICE_X67Y114        LUT6 (Prop_lut6_I3_O)        0.124    59.711 r  U1_SCPU/EX_MEM/data_out[62]_i_2__0/O
                         net (fo=30, routed)          2.174    61.885    U1_SCPU/EX_MEM/data_out[62]_i_2__0_n_0
    SLICE_X62Y123        LUT6 (Prop_lut6_I4_O)        0.124    62.009 r  U1_SCPU/EX_MEM/data_out[59]_i_2/O
                         net (fo=2, routed)           1.293    63.302    U1_SCPU/EX_MEM/data_out[59]_i_2_n_0
    SLICE_X50Y126        LUT6 (Prop_lut6_I1_O)        0.124    63.426 r  U1_SCPU/EX_MEM/data_out[59]_i_1/O
                         net (fo=2, routed)           1.287    64.713    U1_SCPU/ID_EX/data_out[64]_i_16[18]
    SLICE_X48Y122        LUT3 (Prop_lut3_I2_O)        0.154    64.867 r  U1_SCPU/ID_EX/data_out[91]_i_13__0/O
                         net (fo=9, routed)           0.788    65.655    U1_SCPU/ID_EX/data_out_reg[31]_0[21]
    SLICE_X47Y120        LUT4 (Prop_lut4_I3_O)        0.327    65.982 r  U1_SCPU/ID_EX/data_out[64]_i_14__0/O
                         net (fo=2, routed)           0.681    66.664    U1_SCPU/EX_MEM/data_out[63]_i_10__0[1]
    SLICE_X46Y118        CARRY4 (Prop_carry4_DI[1]_CO[3])
                                                      0.520    67.184 r  U1_SCPU/EX_MEM/data_out_reg[64]_i_7/CO[3]
                         net (fo=2, routed)           1.319    68.503    U1_SCPU/ID_EX/data_out_reg[64]_3[0]
    SLICE_X46Y113        LUT6 (Prop_lut6_I5_O)        0.124    68.627 f  U1_SCPU/ID_EX/data_out[63]_i_10__0/O
                         net (fo=1, routed)           0.897    69.524    U1_SCPU/ID_EX/branch0
    SLICE_X46Y113        LUT3 (Prop_lut3_I0_O)        0.124    69.648 f  U1_SCPU/ID_EX/data_out[63]_i_7__1/O
                         net (fo=132, routed)         1.889    71.537    U1_SCPU/EX_MEM/data_out_reg[5]_0
    SLICE_X62Y120        LUT6 (Prop_lut6_I4_O)        0.124    71.661 f  U1_SCPU/EX_MEM/data_out[178]_i_5/O
                         net (fo=162, routed)         4.360    76.020    U1_SCPU/ID_EX/flush_EX
    SLICE_X34Y120        LUT6 (Prop_lut6_I5_O)        0.124    76.144 r  U1_SCPU/ID_EX/data_out[47]_i_1/O
                         net (fo=1, routed)           0.000    76.144    U1_SCPU/ID_EX/p_0_in_0[47]
    SLICE_X34Y120        FDCE                                         r  U1_SCPU/ID_EX/data_out_reg[47]/D
  -------------------------------------------------------------------    -------------------

Slack:                    inf
  Source:                 <hidden>
                            (falling edge-triggered cell RAMB36E1 clocked by sys_clk_pin  {rise@0.000ns fall@50.000ns period=100.000ns})
  Destination:            U1_SCPU/ID_EX/data_out_reg[76]/D
  Path Group:             (none)
  Path Type:              Max at Slow Process Corner
  Data Path Delay:        20.885ns  (logic 3.225ns (15.442%)  route 17.660ns (84.558%))
  Logic Levels:           12  (CARRY4=1 LUT3=3 LUT4=1 LUT6=7)
  Clock Uncertainty:      0.025ns  ((TSJ^2 + TIJ^2)^1/2 + DJ) / 2 + PE
    Total System Jitter     (TSJ):    0.050ns
    Total Input Jitter      (TIJ):    0.000ns
    Discrete Jitter          (DJ):    0.000ns
    Phase Error              (PE):    0.000ns

    Location             Delay type                Incr(ns)  Path(ns)    Netlist Resource(s)
  -------------------------------------------------------------------    -------------------
                         (clock sys_clk_pin fall edge)
                                                     50.000    50.000 f  
    E3                                                0.000    50.000 f  clk (IN)
                         net (fo=0)                   0.000    50.000    clk
    E3                   IBUF (Prop_ibuf_I_O)         1.482    51.482 f  clk_IBUF_inst/O
                         net (fo=1, routed)           2.025    53.506    clk_IBUF
    BUFGCTRL_X0Y16       BUFG (Prop_bufg_I_O)         0.096    53.602 f  clk_IBUF_BUFG_inst/O
                         net (fo=88, routed)          1.647    55.250    <hidden>
    RAMB36_X1Y23         RAMB36E1                                     r  <hidden>  (IS_INVERTED)
  -------------------------------------------------------------------    -------------------
    RAMB36_X1Y23         RAMB36E1 (Prop_ramb36e1_CLKARDCLK_DOADO[7])
                                                      0.882    56.132 r  <hidden>
                         net (fo=6, routed)           1.627    57.759    U1_SCPU/EX_MEM/douta[31]
    SLICE_X66Y114        LUT3 (Prop_lut3_I0_O)        0.146    57.905 r  U1_SCPU/EX_MEM/data_out[63]_i_8__1/O
                         net (fo=2, routed)           0.676    58.580    U1_SCPU/EX_MEM/data_out[63]_i_8__1_n_0
    SLICE_X67Y114        LUT6 (Prop_lut6_I4_O)        0.328    58.908 f  U1_SCPU/EX_MEM/data_out[63]_i_2__0/O
                         net (fo=2, routed)           0.679    59.587    U1_SCPU/EX_MEM/data_out[63]_i_2__0_n_0
    SLICE_X67Y114        LUT6 (Prop_lut6_I3_O)        0.124    59.711 r  U1_SCPU/EX_MEM/data_out[62]_i_2__0/O
                         net (fo=30, routed)          2.174    61.885    U1_SCPU/EX_MEM/data_out[62]_i_2__0_n_0
    SLICE_X62Y123        LUT6 (Prop_lut6_I4_O)        0.124    62.009 r  U1_SCPU/EX_MEM/data_out[59]_i_2/O
                         net (fo=2, routed)           1.293    63.302    U1_SCPU/EX_MEM/data_out[59]_i_2_n_0
    SLICE_X50Y126        LUT6 (Prop_lut6_I1_O)        0.124    63.426 r  U1_SCPU/EX_MEM/data_out[59]_i_1/O
                         net (fo=2, routed)           1.287    64.713    U1_SCPU/ID_EX/data_out[64]_i_16[18]
    SLICE_X48Y122        LUT3 (Prop_lut3_I2_O)        0.154    64.867 r  U1_SCPU/ID_EX/data_out[91]_i_13__0/O
                         net (fo=9, routed)           0.788    65.655    U1_SCPU/ID_EX/data_out_reg[31]_0[21]
    SLICE_X47Y120        LUT4 (Prop_lut4_I3_O)        0.327    65.982 r  U1_SCPU/ID_EX/data_out[64]_i_14__0/O
                         net (fo=2, routed)           0.681    66.664    U1_SCPU/EX_MEM/data_out[63]_i_10__0[1]
    SLICE_X46Y118        CARRY4 (Prop_carry4_DI[1]_CO[3])
                                                      0.520    67.184 r  U1_SCPU/EX_MEM/data_out_reg[64]_i_7/CO[3]
                         net (fo=2, routed)           1.319    68.503    U1_SCPU/ID_EX/data_out_reg[64]_3[0]
    SLICE_X46Y113        LUT6 (Prop_lut6_I5_O)        0.124    68.627 f  U1_SCPU/ID_EX/data_out[63]_i_10__0/O
                         net (fo=1, routed)           0.897    69.524    U1_SCPU/ID_EX/branch0
    SLICE_X46Y113        LUT3 (Prop_lut3_I0_O)        0.124    69.648 f  U1_SCPU/ID_EX/data_out[63]_i_7__1/O
                         net (fo=132, routed)         1.889    71.537    U1_SCPU/EX_MEM/data_out_reg[5]_0
    SLICE_X62Y120        LUT6 (Prop_lut6_I4_O)        0.124    71.661 f  U1_SCPU/EX_MEM/data_out[178]_i_5/O
                         net (fo=162, routed)         4.350    76.010    U1_SCPU/ID_EX/flush_EX
    SLICE_X34Y120        LUT6 (Prop_lut6_I5_O)        0.124    76.134 r  U1_SCPU/ID_EX/data_out[76]_i_1__0/O
                         net (fo=1, routed)           0.000    76.134    U1_SCPU/ID_EX/p_0_in_0[76]
    SLICE_X34Y120        FDCE                                         r  U1_SCPU/ID_EX/data_out_reg[76]/D
  -------------------------------------------------------------------    -------------------

Slack:                    inf
  Source:                 <hidden>
                            (falling edge-triggered cell RAMB36E1 clocked by sys_clk_pin  {rise@0.000ns fall@50.000ns period=100.000ns})
  Destination:            U1_SCPU/ID_EX/data_out_reg[79]/D
  Path Group:             (none)
  Path Type:              Max at Slow Process Corner
  Data Path Delay:        20.741ns  (logic 3.225ns (15.549%)  route 17.516ns (84.451%))
  Logic Levels:           12  (CARRY4=1 LUT3=3 LUT4=1 LUT6=7)
  Clock Uncertainty:      0.025ns  ((TSJ^2 + TIJ^2)^1/2 + DJ) / 2 + PE
    Total System Jitter     (TSJ):    0.050ns
    Total Input Jitter      (TIJ):    0.000ns
    Discrete Jitter          (DJ):    0.000ns
    Phase Error              (PE):    0.000ns

    Location             Delay type                Incr(ns)  Path(ns)    Netlist Resource(s)
  -------------------------------------------------------------------    -------------------
                         (clock sys_clk_pin fall edge)
                                                     50.000    50.000 f  
    E3                                                0.000    50.000 f  clk (IN)
                         net (fo=0)                   0.000    50.000    clk
    E3                   IBUF (Prop_ibuf_I_O)         1.482    51.482 f  clk_IBUF_inst/O
                         net (fo=1, routed)           2.025    53.506    clk_IBUF
    BUFGCTRL_X0Y16       BUFG (Prop_bufg_I_O)         0.096    53.602 f  clk_IBUF_BUFG_inst/O
                         net (fo=88, routed)          1.647    55.250    <hidden>
    RAMB36_X1Y23         RAMB36E1                                     r  <hidden>  (IS_INVERTED)
  -------------------------------------------------------------------    -------------------
    RAMB36_X1Y23         RAMB36E1 (Prop_ramb36e1_CLKARDCLK_DOADO[7])
                                                      0.882    56.132 r  <hidden>
                         net (fo=6, routed)           1.627    57.759    U1_SCPU/EX_MEM/douta[31]
    SLICE_X66Y114        LUT3 (Prop_lut3_I0_O)        0.146    57.905 r  U1_SCPU/EX_MEM/data_out[63]_i_8__1/O
                         net (fo=2, routed)           0.676    58.580    U1_SCPU/EX_MEM/data_out[63]_i_8__1_n_0
    SLICE_X67Y114        LUT6 (Prop_lut6_I4_O)        0.328    58.908 f  U1_SCPU/EX_MEM/data_out[63]_i_2__0/O
                         net (fo=2, routed)           0.679    59.587    U1_SCPU/EX_MEM/data_out[63]_i_2__0_n_0
    SLICE_X67Y114        LUT6 (Prop_lut6_I3_O)        0.124    59.711 r  U1_SCPU/EX_MEM/data_out[62]_i_2__0/O
                         net (fo=30, routed)          2.174    61.885    U1_SCPU/EX_MEM/data_out[62]_i_2__0_n_0
    SLICE_X62Y123        LUT6 (Prop_lut6_I4_O)        0.124    62.009 r  U1_SCPU/EX_MEM/data_out[59]_i_2/O
                         net (fo=2, routed)           1.293    63.302    U1_SCPU/EX_MEM/data_out[59]_i_2_n_0
    SLICE_X50Y126        LUT6 (Prop_lut6_I1_O)        0.124    63.426 r  U1_SCPU/EX_MEM/data_out[59]_i_1/O
                         net (fo=2, routed)           1.287    64.713    U1_SCPU/ID_EX/data_out[64]_i_16[18]
    SLICE_X48Y122        LUT3 (Prop_lut3_I2_O)        0.154    64.867 r  U1_SCPU/ID_EX/data_out[91]_i_13__0/O
                         net (fo=9, routed)           0.788    65.655    U1_SCPU/ID_EX/data_out_reg[31]_0[21]
    SLICE_X47Y120        LUT4 (Prop_lut4_I3_O)        0.327    65.982 r  U1_SCPU/ID_EX/data_out[64]_i_14__0/O
                         net (fo=2, routed)           0.681    66.664    U1_SCPU/EX_MEM/data_out[63]_i_10__0[1]
    SLICE_X46Y118        CARRY4 (Prop_carry4_DI[1]_CO[3])
                                                      0.520    67.184 r  U1_SCPU/EX_MEM/data_out_reg[64]_i_7/CO[3]
                         net (fo=2, routed)           1.319    68.503    U1_SCPU/ID_EX/data_out_reg[64]_3[0]
    SLICE_X46Y113        LUT6 (Prop_lut6_I5_O)        0.124    68.627 f  U1_SCPU/ID_EX/data_out[63]_i_10__0/O
                         net (fo=1, routed)           0.897    69.524    U1_SCPU/ID_EX/branch0
    SLICE_X46Y113        LUT3 (Prop_lut3_I0_O)        0.124    69.648 f  U1_SCPU/ID_EX/data_out[63]_i_7__1/O
                         net (fo=132, routed)         1.889    71.537    U1_SCPU/EX_MEM/data_out_reg[5]_0
    SLICE_X62Y120        LUT6 (Prop_lut6_I4_O)        0.124    71.661 f  U1_SCPU/EX_MEM/data_out[178]_i_5/O
                         net (fo=162, routed)         4.206    75.866    U1_SCPU/ID_EX/flush_EX
    SLICE_X34Y120        LUT6 (Prop_lut6_I5_O)        0.124    75.990 r  U1_SCPU/ID_EX/data_out[79]_i_1__0/O
                         net (fo=1, routed)           0.000    75.990    U1_SCPU/ID_EX/p_0_in_0[79]
    SLICE_X34Y120        FDCE                                         r  U1_SCPU/ID_EX/data_out_reg[79]/D
  -------------------------------------------------------------------    -------------------

Slack:                    inf
  Source:                 <hidden>
                            (falling edge-triggered cell RAMB36E1 clocked by sys_clk_pin  {rise@0.000ns fall@50.000ns period=100.000ns})
  Destination:            U1_SCPU/ID_EX/data_out_reg[23]/D
  Path Group:             (none)
  Path Type:              Max at Slow Process Corner
  Data Path Delay:        20.726ns  (logic 3.225ns (15.560%)  route 17.501ns (84.440%))
  Logic Levels:           12  (CARRY4=1 LUT3=3 LUT4=1 LUT6=7)
  Clock Uncertainty:      0.025ns  ((TSJ^2 + TIJ^2)^1/2 + DJ) / 2 + PE
    Total System Jitter     (TSJ):    0.050ns
    Total Input Jitter      (TIJ):    0.000ns
    Discrete Jitter          (DJ):    0.000ns
    Phase Error              (PE):    0.000ns

    Location             Delay type                Incr(ns)  Path(ns)    Netlist Resource(s)
  -------------------------------------------------------------------    -------------------
                         (clock sys_clk_pin fall edge)
                                                     50.000    50.000 f  
    E3                                                0.000    50.000 f  clk (IN)
                         net (fo=0)                   0.000    50.000    clk
    E3                   IBUF (Prop_ibuf_I_O)         1.482    51.482 f  clk_IBUF_inst/O
                         net (fo=1, routed)           2.025    53.506    clk_IBUF
    BUFGCTRL_X0Y16       BUFG (Prop_bufg_I_O)         0.096    53.602 f  clk_IBUF_BUFG_inst/O
                         net (fo=88, routed)          1.647    55.250    <hidden>
    RAMB36_X1Y23         RAMB36E1                                     r  <hidden>  (IS_INVERTED)
  -------------------------------------------------------------------    -------------------
    RAMB36_X1Y23         RAMB36E1 (Prop_ramb36e1_CLKARDCLK_DOADO[7])
                                                      0.882    56.132 r  <hidden>
                         net (fo=6, routed)           1.627    57.759    U1_SCPU/EX_MEM/douta[31]
    SLICE_X66Y114        LUT3 (Prop_lut3_I0_O)        0.146    57.905 r  U1_SCPU/EX_MEM/data_out[63]_i_8__1/O
                         net (fo=2, routed)           0.676    58.580    U1_SCPU/EX_MEM/data_out[63]_i_8__1_n_0
    SLICE_X67Y114        LUT6 (Prop_lut6_I4_O)        0.328    58.908 f  U1_SCPU/EX_MEM/data_out[63]_i_2__0/O
                         net (fo=2, routed)           0.679    59.587    U1_SCPU/EX_MEM/data_out[63]_i_2__0_n_0
    SLICE_X67Y114        LUT6 (Prop_lut6_I3_O)        0.124    59.711 r  U1_SCPU/EX_MEM/data_out[62]_i_2__0/O
                         net (fo=30, routed)          2.174    61.885    U1_SCPU/EX_MEM/data_out[62]_i_2__0_n_0
    SLICE_X62Y123        LUT6 (Prop_lut6_I4_O)        0.124    62.009 r  U1_SCPU/EX_MEM/data_out[59]_i_2/O
                         net (fo=2, routed)           1.293    63.302    U1_SCPU/EX_MEM/data_out[59]_i_2_n_0
    SLICE_X50Y126        LUT6 (Prop_lut6_I1_O)        0.124    63.426 r  U1_SCPU/EX_MEM/data_out[59]_i_1/O
                         net (fo=2, routed)           1.287    64.713    U1_SCPU/ID_EX/data_out[64]_i_16[18]
    SLICE_X48Y122        LUT3 (Prop_lut3_I2_O)        0.154    64.867 r  U1_SCPU/ID_EX/data_out[91]_i_13__0/O
                         net (fo=9, routed)           0.788    65.655    U1_SCPU/ID_EX/data_out_reg[31]_0[21]
    SLICE_X47Y120        LUT4 (Prop_lut4_I3_O)        0.327    65.982 r  U1_SCPU/ID_EX/data_out[64]_i_14__0/O
                         net (fo=2, routed)           0.681    66.664    U1_SCPU/EX_MEM/data_out[63]_i_10__0[1]
    SLICE_X46Y118        CARRY4 (Prop_carry4_DI[1]_CO[3])
                                                      0.520    67.184 r  U1_SCPU/EX_MEM/data_out_reg[64]_i_7/CO[3]
                         net (fo=2, routed)           1.319    68.503    U1_SCPU/ID_EX/data_out_reg[64]_3[0]
    SLICE_X46Y113        LUT6 (Prop_lut6_I5_O)        0.124    68.627 f  U1_SCPU/ID_EX/data_out[63]_i_10__0/O
                         net (fo=1, routed)           0.897    69.524    U1_SCPU/ID_EX/branch0
    SLICE_X46Y113        LUT3 (Prop_lut3_I0_O)        0.124    69.648 f  U1_SCPU/ID_EX/data_out[63]_i_7__1/O
                         net (fo=132, routed)         1.889    71.537    U1_SCPU/EX_MEM/data_out_reg[5]_0
    SLICE_X62Y120        LUT6 (Prop_lut6_I4_O)        0.124    71.661 f  U1_SCPU/EX_MEM/data_out[178]_i_5/O
                         net (fo=162, routed)         4.191    75.852    U1_SCPU/ID_EX/flush_EX
    SLICE_X47Y120        LUT6 (Prop_lut6_I5_O)        0.124    75.976 r  U1_SCPU/ID_EX/data_out[23]_i_1__0/O
                         net (fo=1, routed)           0.000    75.976    U1_SCPU/ID_EX/p_0_in_0[23]
    SLICE_X47Y120        FDCE                                         r  U1_SCPU/ID_EX/data_out_reg[23]/D
  -------------------------------------------------------------------    -------------------

Slack:                    inf
  Source:                 <hidden>
                            (falling edge-triggered cell RAMB36E1 clocked by sys_clk_pin  {rise@0.000ns fall@50.000ns period=100.000ns})
  Destination:            U1_SCPU/ID_EX/data_out_reg[44]/D
  Path Group:             (none)
  Path Type:              Max at Slow Process Corner
  Data Path Delay:        20.679ns  (logic 3.225ns (15.595%)  route 17.454ns (84.405%))
  Logic Levels:           12  (CARRY4=1 LUT3=3 LUT4=1 LUT6=7)
  Clock Uncertainty:      0.025ns  ((TSJ^2 + TIJ^2)^1/2 + DJ) / 2 + PE
    Total System Jitter     (TSJ):    0.050ns
    Total Input Jitter      (TIJ):    0.000ns
    Discrete Jitter          (DJ):    0.000ns
    Phase Error              (PE):    0.000ns

    Location             Delay type                Incr(ns)  Path(ns)    Netlist Resource(s)
  -------------------------------------------------------------------    -------------------
                         (clock sys_clk_pin fall edge)
                                                     50.000    50.000 f  
    E3                                                0.000    50.000 f  clk (IN)
                         net (fo=0)                   0.000    50.000    clk
    E3                   IBUF (Prop_ibuf_I_O)         1.482    51.482 f  clk_IBUF_inst/O
                         net (fo=1, routed)           2.025    53.506    clk_IBUF
    BUFGCTRL_X0Y16       BUFG (Prop_bufg_I_O)         0.096    53.602 f  clk_IBUF_BUFG_inst/O
                         net (fo=88, routed)          1.647    55.250    <hidden>
    RAMB36_X1Y23         RAMB36E1                                     r  <hidden>  (IS_INVERTED)
  -------------------------------------------------------------------    -------------------
    RAMB36_X1Y23         RAMB36E1 (Prop_ramb36e1_CLKARDCLK_DOADO[7])
                                                      0.882    56.132 r  <hidden>
                         net (fo=6, routed)           1.627    57.759    U1_SCPU/EX_MEM/douta[31]
    SLICE_X66Y114        LUT3 (Prop_lut3_I0_O)        0.146    57.905 r  U1_SCPU/EX_MEM/data_out[63]_i_8__1/O
                         net (fo=2, routed)           0.676    58.580    U1_SCPU/EX_MEM/data_out[63]_i_8__1_n_0
    SLICE_X67Y114        LUT6 (Prop_lut6_I4_O)        0.328    58.908 f  U1_SCPU/EX_MEM/data_out[63]_i_2__0/O
                         net (fo=2, routed)           0.679    59.587    U1_SCPU/EX_MEM/data_out[63]_i_2__0_n_0
    SLICE_X67Y114        LUT6 (Prop_lut6_I3_O)        0.124    59.711 r  U1_SCPU/EX_MEM/data_out[62]_i_2__0/O
                         net (fo=30, routed)          2.174    61.885    U1_SCPU/EX_MEM/data_out[62]_i_2__0_n_0
    SLICE_X62Y123        LUT6 (Prop_lut6_I4_O)        0.124    62.009 r  U1_SCPU/EX_MEM/data_out[59]_i_2/O
                         net (fo=2, routed)           1.293    63.302    U1_SCPU/EX_MEM/data_out[59]_i_2_n_0
    SLICE_X50Y126        LUT6 (Prop_lut6_I1_O)        0.124    63.426 r  U1_SCPU/EX_MEM/data_out[59]_i_1/O
                         net (fo=2, routed)           1.287    64.713    U1_SCPU/ID_EX/data_out[64]_i_16[18]
    SLICE_X48Y122        LUT3 (Prop_lut3_I2_O)        0.154    64.867 r  U1_SCPU/ID_EX/data_out[91]_i_13__0/O
                         net (fo=9, routed)           0.788    65.655    U1_SCPU/ID_EX/data_out_reg[31]_0[21]
    SLICE_X47Y120        LUT4 (Prop_lut4_I3_O)        0.327    65.982 r  U1_SCPU/ID_EX/data_out[64]_i_14__0/O
                         net (fo=2, routed)           0.681    66.664    U1_SCPU/EX_MEM/data_out[63]_i_10__0[1]
    SLICE_X46Y118        CARRY4 (Prop_carry4_DI[1]_CO[3])
                                                      0.520    67.184 r  U1_SCPU/EX_MEM/data_out_reg[64]_i_7/CO[3]
                         net (fo=2, routed)           1.319    68.503    U1_SCPU/ID_EX/data_out_reg[64]_3[0]
    SLICE_X46Y113        LUT6 (Prop_lut6_I5_O)        0.124    68.627 f  U1_SCPU/ID_EX/data_out[63]_i_10__0/O
                         net (fo=1, routed)           0.897    69.524    U1_SCPU/ID_EX/branch0
    SLICE_X46Y113        LUT3 (Prop_lut3_I0_O)        0.124    69.648 f  U1_SCPU/ID_EX/data_out[63]_i_7__1/O
                         net (fo=132, routed)         1.889    71.537    U1_SCPU/EX_MEM/data_out_reg[5]_0
    SLICE_X62Y120        LUT6 (Prop_lut6_I4_O)        0.124    71.661 f  U1_SCPU/EX_MEM/data_out[178]_i_5/O
                         net (fo=162, routed)         4.144    75.805    U1_SCPU/ID_EX/flush_EX
    SLICE_X29Y120        LUT6 (Prop_lut6_I5_O)        0.124    75.929 r  U1_SCPU/ID_EX/data_out[44]_i_1/O
                         net (fo=1, routed)           0.000    75.929    U1_SCPU/ID_EX/p_0_in_0[44]
    SLICE_X29Y120        FDCE                                         r  U1_SCPU/ID_EX/data_out_reg[44]/D
  -------------------------------------------------------------------    -------------------

Slack:                    inf
  Source:                 <hidden>
                            (falling edge-triggered cell RAMB36E1 clocked by sys_clk_pin  {rise@0.000ns fall@50.000ns period=100.000ns})
  Destination:            U1_SCPU/ID_EX/data_out_reg[121]/D
  Path Group:             (none)
  Path Type:              Max at Slow Process Corner
  Data Path Delay:        20.669ns  (logic 3.253ns (15.739%)  route 17.416ns (84.261%))
  Logic Levels:           12  (CARRY4=1 LUT2=1 LUT3=3 LUT4=1 LUT6=6)
  Clock Uncertainty:      0.025ns  ((TSJ^2 + TIJ^2)^1/2 + DJ) / 2 + PE
    Total System Jitter     (TSJ):    0.050ns
    Total Input Jitter      (TIJ):    0.000ns
    Discrete Jitter          (DJ):    0.000ns
    Phase Error              (PE):    0.000ns

    Location             Delay type                Incr(ns)  Path(ns)    Netlist Resource(s)
  -------------------------------------------------------------------    -------------------
                         (clock sys_clk_pin fall edge)
                                                     50.000    50.000 f  
    E3                                                0.000    50.000 f  clk (IN)
                         net (fo=0)                   0.000    50.000    clk
    E3                   IBUF (Prop_ibuf_I_O)         1.482    51.482 f  clk_IBUF_inst/O
                         net (fo=1, routed)           2.025    53.506    clk_IBUF
    BUFGCTRL_X0Y16       BUFG (Prop_bufg_I_O)         0.096    53.602 f  clk_IBUF_BUFG_inst/O
                         net (fo=88, routed)          1.647    55.250    <hidden>
    RAMB36_X1Y23         RAMB36E1                                     r  <hidden>  (IS_INVERTED)
  -------------------------------------------------------------------    -------------------
    RAMB36_X1Y23         RAMB36E1 (Prop_ramb36e1_CLKARDCLK_DOADO[7])
                                                      0.882    56.132 r  <hidden>
                         net (fo=6, routed)           1.627    57.759    U1_SCPU/EX_MEM/douta[31]
    SLICE_X66Y114        LUT3 (Prop_lut3_I0_O)        0.146    57.905 r  U1_SCPU/EX_MEM/data_out[63]_i_8__1/O
                         net (fo=2, routed)           0.676    58.580    U1_SCPU/EX_MEM/data_out[63]_i_8__1_n_0
    SLICE_X67Y114        LUT6 (Prop_lut6_I4_O)        0.328    58.908 f  U1_SCPU/EX_MEM/data_out[63]_i_2__0/O
                         net (fo=2, routed)           0.679    59.587    U1_SCPU/EX_MEM/data_out[63]_i_2__0_n_0
    SLICE_X67Y114        LUT6 (Prop_lut6_I3_O)        0.124    59.711 r  U1_SCPU/EX_MEM/data_out[62]_i_2__0/O
                         net (fo=30, routed)          2.174    61.885    U1_SCPU/EX_MEM/data_out[62]_i_2__0_n_0
    SLICE_X62Y123        LUT6 (Prop_lut6_I4_O)        0.124    62.009 r  U1_SCPU/EX_MEM/data_out[59]_i_2/O
                         net (fo=2, routed)           1.293    63.302    U1_SCPU/EX_MEM/data_out[59]_i_2_n_0
    SLICE_X50Y126        LUT6 (Prop_lut6_I1_O)        0.124    63.426 r  U1_SCPU/EX_MEM/data_out[59]_i_1/O
                         net (fo=2, routed)           1.287    64.713    U1_SCPU/ID_EX/data_out[64]_i_16[18]
    SLICE_X48Y122        LUT3 (Prop_lut3_I2_O)        0.154    64.867 r  U1_SCPU/ID_EX/data_out[91]_i_13__0/O
                         net (fo=9, routed)           0.788    65.655    U1_SCPU/ID_EX/data_out_reg[31]_0[21]
    SLICE_X47Y120        LUT4 (Prop_lut4_I3_O)        0.327    65.982 r  U1_SCPU/ID_EX/data_out[64]_i_14__0/O
                         net (fo=2, routed)           0.681    66.664    U1_SCPU/EX_MEM/data_out[63]_i_10__0[1]
    SLICE_X46Y118        CARRY4 (Prop_carry4_DI[1]_CO[3])
                                                      0.520    67.184 r  U1_SCPU/EX_MEM/data_out_reg[64]_i_7/CO[3]
                         net (fo=2, routed)           1.319    68.503    U1_SCPU/ID_EX/data_out_reg[64]_3[0]
    SLICE_X46Y113        LUT6 (Prop_lut6_I5_O)        0.124    68.627 f  U1_SCPU/ID_EX/data_out[63]_i_10__0/O
                         net (fo=1, routed)           0.897    69.524    U1_SCPU/ID_EX/branch0
    SLICE_X46Y113        LUT3 (Prop_lut3_I0_O)        0.124    69.648 f  U1_SCPU/ID_EX/data_out[63]_i_7__1/O
                         net (fo=132, routed)         1.889    71.537    U1_SCPU/EX_MEM/data_out_reg[5]_0
    SLICE_X62Y120        LUT6 (Prop_lut6_I4_O)        0.124    71.661 f  U1_SCPU/EX_MEM/data_out[178]_i_5/O
                         net (fo=162, routed)         4.106    75.766    U1_SCPU/ID_EX/flush_EX
    SLICE_X50Y123        LUT2 (Prop_lut2_I1_O)        0.152    75.918 r  U1_SCPU/ID_EX/data_out[121]_i_1/O
                         net (fo=1, routed)           0.000    75.918    U1_SCPU/ID_EX/p_0_in_0[121]
    SLICE_X50Y123        FDCE                                         r  U1_SCPU/ID_EX/data_out_reg[121]/D
  -------------------------------------------------------------------    -------------------

Slack:                    inf
  Source:                 <hidden>
                            (falling edge-triggered cell RAMB36E1 clocked by sys_clk_pin  {rise@0.000ns fall@50.000ns period=100.000ns})
  Destination:            U1_SCPU/ID_EX/data_out_reg[125]/D
  Path Group:             (none)
  Path Type:              Max at Slow Process Corner
  Data Path Delay:        20.664ns  (logic 3.253ns (15.743%)  route 17.411ns (84.257%))
  Logic Levels:           12  (CARRY4=1 LUT2=1 LUT3=3 LUT4=1 LUT6=6)
  Clock Uncertainty:      0.025ns  ((TSJ^2 + TIJ^2)^1/2 + DJ) / 2 + PE
    Total System Jitter     (TSJ):    0.050ns
    Total Input Jitter      (TIJ):    0.000ns
    Discrete Jitter          (DJ):    0.000ns
    Phase Error              (PE):    0.000ns

    Location             Delay type                Incr(ns)  Path(ns)    Netlist Resource(s)
  -------------------------------------------------------------------    -------------------
                         (clock sys_clk_pin fall edge)
                                                     50.000    50.000 f  
    E3                                                0.000    50.000 f  clk (IN)
                         net (fo=0)                   0.000    50.000    clk
    E3                   IBUF (Prop_ibuf_I_O)         1.482    51.482 f  clk_IBUF_inst/O
                         net (fo=1, routed)           2.025    53.506    clk_IBUF
    BUFGCTRL_X0Y16       BUFG (Prop_bufg_I_O)         0.096    53.602 f  clk_IBUF_BUFG_inst/O
                         net (fo=88, routed)          1.647    55.250    <hidden>
    RAMB36_X1Y23         RAMB36E1                                     r  <hidden>  (IS_INVERTED)
  -------------------------------------------------------------------    -------------------
    RAMB36_X1Y23         RAMB36E1 (Prop_ramb36e1_CLKARDCLK_DOADO[7])
                                                      0.882    56.132 r  <hidden>
                         net (fo=6, routed)           1.627    57.759    U1_SCPU/EX_MEM/douta[31]
    SLICE_X66Y114        LUT3 (Prop_lut3_I0_O)        0.146    57.905 r  U1_SCPU/EX_MEM/data_out[63]_i_8__1/O
                         net (fo=2, routed)           0.676    58.580    U1_SCPU/EX_MEM/data_out[63]_i_8__1_n_0
    SLICE_X67Y114        LUT6 (Prop_lut6_I4_O)        0.328    58.908 f  U1_SCPU/EX_MEM/data_out[63]_i_2__0/O
                         net (fo=2, routed)           0.679    59.587    U1_SCPU/EX_MEM/data_out[63]_i_2__0_n_0
    SLICE_X67Y114        LUT6 (Prop_lut6_I3_O)        0.124    59.711 r  U1_SCPU/EX_MEM/data_out[62]_i_2__0/O
                         net (fo=30, routed)          2.174    61.885    U1_SCPU/EX_MEM/data_out[62]_i_2__0_n_0
    SLICE_X62Y123        LUT6 (Prop_lut6_I4_O)        0.124    62.009 r  U1_SCPU/EX_MEM/data_out[59]_i_2/O
                         net (fo=2, routed)           1.293    63.302    U1_SCPU/EX_MEM/data_out[59]_i_2_n_0
    SLICE_X50Y126        LUT6 (Prop_lut6_I1_O)        0.124    63.426 r  U1_SCPU/EX_MEM/data_out[59]_i_1/O
                         net (fo=2, routed)           1.287    64.713    U1_SCPU/ID_EX/data_out[64]_i_16[18]
    SLICE_X48Y122        LUT3 (Prop_lut3_I2_O)        0.154    64.867 r  U1_SCPU/ID_EX/data_out[91]_i_13__0/O
                         net (fo=9, routed)           0.788    65.655    U1_SCPU/ID_EX/data_out_reg[31]_0[21]
    SLICE_X47Y120        LUT4 (Prop_lut4_I3_O)        0.327    65.982 r  U1_SCPU/ID_EX/data_out[64]_i_14__0/O
                         net (fo=2, routed)           0.681    66.664    U1_SCPU/EX_MEM/data_out[63]_i_10__0[1]
    SLICE_X46Y118        CARRY4 (Prop_carry4_DI[1]_CO[3])
                                                      0.520    67.184 r  U1_SCPU/EX_MEM/data_out_reg[64]_i_7/CO[3]
                         net (fo=2, routed)           1.319    68.503    U1_SCPU/ID_EX/data_out_reg[64]_3[0]
    SLICE_X46Y113        LUT6 (Prop_lut6_I5_O)        0.124    68.627 f  U1_SCPU/ID_EX/data_out[63]_i_10__0/O
                         net (fo=1, routed)           0.897    69.524    U1_SCPU/ID_EX/branch0
    SLICE_X46Y113        LUT3 (Prop_lut3_I0_O)        0.124    69.648 f  U1_SCPU/ID_EX/data_out[63]_i_7__1/O
                         net (fo=132, routed)         1.889    71.537    U1_SCPU/EX_MEM/data_out_reg[5]_0
    SLICE_X62Y120        LUT6 (Prop_lut6_I4_O)        0.124    71.661 f  U1_SCPU/EX_MEM/data_out[178]_i_5/O
                         net (fo=162, routed)         4.101    75.761    U1_SCPU/ID_EX/flush_EX
    SLICE_X51Y123        LUT2 (Prop_lut2_I1_O)        0.152    75.913 r  U1_SCPU/ID_EX/data_out[125]_i_1/O
                         net (fo=1, routed)           0.000    75.913    U1_SCPU/ID_EX/p_0_in_0[125]
    SLICE_X51Y123        FDCE                                         r  U1_SCPU/ID_EX/data_out_reg[125]/D
  -------------------------------------------------------------------    -------------------

Slack:                    inf
  Source:                 <hidden>
                            (falling edge-triggered cell RAMB36E1 clocked by sys_clk_pin  {rise@0.000ns fall@50.000ns period=100.000ns})
  Destination:            U1_SCPU/ID_EX/data_out_reg[120]/D
  Path Group:             (none)
  Path Type:              Max at Slow Process Corner
  Data Path Delay:        20.641ns  (logic 3.225ns (15.625%)  route 17.416ns (84.376%))
  Logic Levels:           12  (CARRY4=1 LUT2=1 LUT3=3 LUT4=1 LUT6=6)
  Clock Uncertainty:      0.025ns  ((TSJ^2 + TIJ^2)^1/2 + DJ) / 2 + PE
    Total System Jitter     (TSJ):    0.050ns
    Total Input Jitter      (TIJ):    0.000ns
    Discrete Jitter          (DJ):    0.000ns
    Phase Error              (PE):    0.000ns

    Location             Delay type                Incr(ns)  Path(ns)    Netlist Resource(s)
  -------------------------------------------------------------------    -------------------
                         (clock sys_clk_pin fall edge)
                                                     50.000    50.000 f  
    E3                                                0.000    50.000 f  clk (IN)
                         net (fo=0)                   0.000    50.000    clk
    E3                   IBUF (Prop_ibuf_I_O)         1.482    51.482 f  clk_IBUF_inst/O
                         net (fo=1, routed)           2.025    53.506    clk_IBUF
    BUFGCTRL_X0Y16       BUFG (Prop_bufg_I_O)         0.096    53.602 f  clk_IBUF_BUFG_inst/O
                         net (fo=88, routed)          1.647    55.250    <hidden>
    RAMB36_X1Y23         RAMB36E1                                     r  <hidden>  (IS_INVERTED)
  -------------------------------------------------------------------    -------------------
    RAMB36_X1Y23         RAMB36E1 (Prop_ramb36e1_CLKARDCLK_DOADO[7])
                                                      0.882    56.132 r  <hidden>
                         net (fo=6, routed)           1.627    57.759    U1_SCPU/EX_MEM/douta[31]
    SLICE_X66Y114        LUT3 (Prop_lut3_I0_O)        0.146    57.905 r  U1_SCPU/EX_MEM/data_out[63]_i_8__1/O
                         net (fo=2, routed)           0.676    58.580    U1_SCPU/EX_MEM/data_out[63]_i_8__1_n_0
    SLICE_X67Y114        LUT6 (Prop_lut6_I4_O)        0.328    58.908 f  U1_SCPU/EX_MEM/data_out[63]_i_2__0/O
                         net (fo=2, routed)           0.679    59.587    U1_SCPU/EX_MEM/data_out[63]_i_2__0_n_0
    SLICE_X67Y114        LUT6 (Prop_lut6_I3_O)        0.124    59.711 r  U1_SCPU/EX_MEM/data_out[62]_i_2__0/O
                         net (fo=30, routed)          2.174    61.885    U1_SCPU/EX_MEM/data_out[62]_i_2__0_n_0
    SLICE_X62Y123        LUT6 (Prop_lut6_I4_O)        0.124    62.009 r  U1_SCPU/EX_MEM/data_out[59]_i_2/O
                         net (fo=2, routed)           1.293    63.302    U1_SCPU/EX_MEM/data_out[59]_i_2_n_0
    SLICE_X50Y126        LUT6 (Prop_lut6_I1_O)        0.124    63.426 r  U1_SCPU/EX_MEM/data_out[59]_i_1/O
                         net (fo=2, routed)           1.287    64.713    U1_SCPU/ID_EX/data_out[64]_i_16[18]
    SLICE_X48Y122        LUT3 (Prop_lut3_I2_O)        0.154    64.867 r  U1_SCPU/ID_EX/data_out[91]_i_13__0/O
                         net (fo=9, routed)           0.788    65.655    U1_SCPU/ID_EX/data_out_reg[31]_0[21]
    SLICE_X47Y120        LUT4 (Prop_lut4_I3_O)        0.327    65.982 r  U1_SCPU/ID_EX/data_out[64]_i_14__0/O
                         net (fo=2, routed)           0.681    66.664    U1_SCPU/EX_MEM/data_out[63]_i_10__0[1]
    SLICE_X46Y118        CARRY4 (Prop_carry4_DI[1]_CO[3])
                                                      0.520    67.184 r  U1_SCPU/EX_MEM/data_out_reg[64]_i_7/CO[3]
                         net (fo=2, routed)           1.319    68.503    U1_SCPU/ID_EX/data_out_reg[64]_3[0]
    SLICE_X46Y113        LUT6 (Prop_lut6_I5_O)        0.124    68.627 f  U1_SCPU/ID_EX/data_out[63]_i_10__0/O
                         net (fo=1, routed)           0.897    69.524    U1_SCPU/ID_EX/branch0
    SLICE_X46Y113        LUT3 (Prop_lut3_I0_O)        0.124    69.648 f  U1_SCPU/ID_EX/data_out[63]_i_7__1/O
                         net (fo=132, routed)         1.889    71.537    U1_SCPU/EX_MEM/data_out_reg[5]_0
    SLICE_X62Y120        LUT6 (Prop_lut6_I4_O)        0.124    71.661 f  U1_SCPU/EX_MEM/data_out[178]_i_5/O
                         net (fo=162, routed)         4.106    75.766    U1_SCPU/ID_EX/flush_EX
    SLICE_X50Y123        LUT2 (Prop_lut2_I1_O)        0.124    75.890 r  U1_SCPU/ID_EX/data_out[120]_i_1/O
                         net (fo=1, routed)           0.000    75.890    U1_SCPU/ID_EX/p_0_in_0[120]
    SLICE_X50Y123        FDCE                                         r  U1_SCPU/ID_EX/data_out_reg[120]/D
  -------------------------------------------------------------------    -------------------

Slack:                    inf
  Source:                 <hidden>
                            (falling edge-triggered cell RAMB36E1 clocked by sys_clk_pin  {rise@0.000ns fall@50.000ns period=100.000ns})
  Destination:            U1_SCPU/ID_EX/data_out_reg[124]/D
  Path Group:             (none)
  Path Type:              Max at Slow Process Corner
  Data Path Delay:        20.636ns  (logic 3.225ns (15.628%)  route 17.411ns (84.372%))
  Logic Levels:           12  (CARRY4=1 LUT2=1 LUT3=3 LUT4=1 LUT6=6)
  Clock Uncertainty:      0.025ns  ((TSJ^2 + TIJ^2)^1/2 + DJ) / 2 + PE
    Total System Jitter     (TSJ):    0.050ns
    Total Input Jitter      (TIJ):    0.000ns
    Discrete Jitter          (DJ):    0.000ns
    Phase Error              (PE):    0.000ns

    Location             Delay type                Incr(ns)  Path(ns)    Netlist Resource(s)
  -------------------------------------------------------------------    -------------------
                         (clock sys_clk_pin fall edge)
                                                     50.000    50.000 f  
    E3                                                0.000    50.000 f  clk (IN)
                         net (fo=0)                   0.000    50.000    clk
    E3                   IBUF (Prop_ibuf_I_O)         1.482    51.482 f  clk_IBUF_inst/O
                         net (fo=1, routed)           2.025    53.506    clk_IBUF
    BUFGCTRL_X0Y16       BUFG (Prop_bufg_I_O)         0.096    53.602 f  clk_IBUF_BUFG_inst/O
                         net (fo=88, routed)          1.647    55.250    <hidden>
    RAMB36_X1Y23         RAMB36E1                                     r  <hidden>  (IS_INVERTED)
  -------------------------------------------------------------------    -------------------
    RAMB36_X1Y23         RAMB36E1 (Prop_ramb36e1_CLKARDCLK_DOADO[7])
                                                      0.882    56.132 r  <hidden>
                         net (fo=6, routed)           1.627    57.759    U1_SCPU/EX_MEM/douta[31]
    SLICE_X66Y114        LUT3 (Prop_lut3_I0_O)        0.146    57.905 r  U1_SCPU/EX_MEM/data_out[63]_i_8__1/O
                         net (fo=2, routed)           0.676    58.580    U1_SCPU/EX_MEM/data_out[63]_i_8__1_n_0
    SLICE_X67Y114        LUT6 (Prop_lut6_I4_O)        0.328    58.908 f  U1_SCPU/EX_MEM/data_out[63]_i_2__0/O
                         net (fo=2, routed)           0.679    59.587    U1_SCPU/EX_MEM/data_out[63]_i_2__0_n_0
    SLICE_X67Y114        LUT6 (Prop_lut6_I3_O)        0.124    59.711 r  U1_SCPU/EX_MEM/data_out[62]_i_2__0/O
                         net (fo=30, routed)          2.174    61.885    U1_SCPU/EX_MEM/data_out[62]_i_2__0_n_0
    SLICE_X62Y123        LUT6 (Prop_lut6_I4_O)        0.124    62.009 r  U1_SCPU/EX_MEM/data_out[59]_i_2/O
                         net (fo=2, routed)           1.293    63.302    U1_SCPU/EX_MEM/data_out[59]_i_2_n_0
    SLICE_X50Y126        LUT6 (Prop_lut6_I1_O)        0.124    63.426 r  U1_SCPU/EX_MEM/data_out[59]_i_1/O
                         net (fo=2, routed)           1.287    64.713    U1_SCPU/ID_EX/data_out[64]_i_16[18]
    SLICE_X48Y122        LUT3 (Prop_lut3_I2_O)        0.154    64.867 r  U1_SCPU/ID_EX/data_out[91]_i_13__0/O
                         net (fo=9, routed)           0.788    65.655    U1_SCPU/ID_EX/data_out_reg[31]_0[21]
    SLICE_X47Y120        LUT4 (Prop_lut4_I3_O)        0.327    65.982 r  U1_SCPU/ID_EX/data_out[64]_i_14__0/O
                         net (fo=2, routed)           0.681    66.664    U1_SCPU/EX_MEM/data_out[63]_i_10__0[1]
    SLICE_X46Y118        CARRY4 (Prop_carry4_DI[1]_CO[3])
                                                      0.520    67.184 r  U1_SCPU/EX_MEM/data_out_reg[64]_i_7/CO[3]
                         net (fo=2, routed)           1.319    68.503    U1_SCPU/ID_EX/data_out_reg[64]_3[0]
    SLICE_X46Y113        LUT6 (Prop_lut6_I5_O)        0.124    68.627 f  U1_SCPU/ID_EX/data_out[63]_i_10__0/O
                         net (fo=1, routed)           0.897    69.524    U1_SCPU/ID_EX/branch0
    SLICE_X46Y113        LUT3 (Prop_lut3_I0_O)        0.124    69.648 f  U1_SCPU/ID_EX/data_out[63]_i_7__1/O
                         net (fo=132, routed)         1.889    71.537    U1_SCPU/EX_MEM/data_out_reg[5]_0
    SLICE_X62Y120        LUT6 (Prop_lut6_I4_O)        0.124    71.661 f  U1_SCPU/EX_MEM/data_out[178]_i_5/O
                         net (fo=162, routed)         4.101    75.761    U1_SCPU/ID_EX/flush_EX
    SLICE_X51Y123        LUT2 (Prop_lut2_I1_O)        0.124    75.885 r  U1_SCPU/ID_EX/data_out[124]_i_1/O
                         net (fo=1, routed)           0.000    75.885    U1_SCPU/ID_EX/p_0_in_0[124]
    SLICE_X51Y123        FDCE                                         r  U1_SCPU/ID_EX/data_out_reg[124]/D
  -------------------------------------------------------------------    -------------------





Min Delay Paths
--------------------------------------------------------------------------------------
Slack:                    inf
  Source:                 U8_clk_div/clkdiv_reg[21]/C
                            (rising edge-triggered cell FDCE clocked by sys_clk_pin  {rise@0.000ns fall@50.000ns period=100.000ns})
  Destination:            U5_Multi_8CH32/point_out_reg[5]/D
  Path Group:             (none)
  Path Type:              Min at Fast Process Corner
  Data Path Delay:        0.323ns  (logic 0.257ns (79.551%)  route 0.066ns (20.449%))
  Logic Levels:           2  (LUT6=1 MUXF7=1)
  Clock Uncertainty:      0.025ns  ((TSJ^2 + TIJ^2)^1/2 + DJ) / 2 + PE
    Total System Jitter     (TSJ):    0.050ns
    Total Input Jitter      (TIJ):    0.000ns
    Discrete Jitter          (DJ):    0.000ns
    Phase Error              (PE):    0.000ns

    Location             Delay type                Incr(ns)  Path(ns)    Netlist Resource(s)
  -------------------------------------------------------------------    -------------------
                         (clock sys_clk_pin rise edge)
                                                      0.000     0.000 r  
    E3                                                0.000     0.000 r  clk (IN)
                         net (fo=0)                   0.000     0.000    clk
    E3                   IBUF (Prop_ibuf_I_O)         0.250     0.250 r  clk_IBUF_inst/O
                         net (fo=1, routed)           0.644     0.894    clk_IBUF
    BUFGCTRL_X0Y16       BUFG (Prop_bufg_I_O)         0.026     0.920 r  clk_IBUF_BUFG_inst/O
                         net (fo=88, routed)          0.559     1.478    U8_clk_div/clk
    SLICE_X52Y100        FDCE                                         r  U8_clk_div/clkdiv_reg[21]/C
  -------------------------------------------------------------------    -------------------
    SLICE_X52Y100        FDCE (Prop_fdce_C_Q)         0.141     1.619 r  U8_clk_div/clkdiv_reg[21]/Q
                         net (fo=2, routed)           0.066     1.685    U5_Multi_8CH32/point_in[21]
    SLICE_X53Y100        LUT6 (Prop_lut6_I1_O)        0.045     1.730 r  U5_Multi_8CH32/point_out[5]_i_2/O
                         net (fo=1, routed)           0.000     1.730    U5_Multi_8CH32/point_out[5]_i_2_n_0
    SLICE_X53Y100        MUXF7 (Prop_muxf7_I0_O)      0.071     1.801 r  U5_Multi_8CH32/point_out_reg[5]_i_1/O
                         net (fo=1, routed)           0.000     1.801    U5_Multi_8CH32/point_out_reg[5]_i_1_n_0
    SLICE_X53Y100        FDCE                                         r  U5_Multi_8CH32/point_out_reg[5]/D
  -------------------------------------------------------------------    -------------------

Slack:                    inf
  Source:                 U8_clk_div/clkdiv_reg[20]/C
                            (rising edge-triggered cell FDCE clocked by sys_clk_pin  {rise@0.000ns fall@50.000ns period=100.000ns})
  Destination:            U5_Multi_8CH32/point_out_reg[4]/D
  Path Group:             (none)
  Path Type:              Min at Fast Process Corner
  Data Path Delay:        0.346ns  (logic 0.248ns (71.721%)  route 0.098ns (28.279%))
  Logic Levels:           2  (LUT6=1 MUXF7=1)
  Clock Uncertainty:      0.025ns  ((TSJ^2 + TIJ^2)^1/2 + DJ) / 2 + PE
    Total System Jitter     (TSJ):    0.050ns
    Total Input Jitter      (TIJ):    0.000ns
    Discrete Jitter          (DJ):    0.000ns
    Phase Error              (PE):    0.000ns

    Location             Delay type                Incr(ns)  Path(ns)    Netlist Resource(s)
  -------------------------------------------------------------------    -------------------
                         (clock sys_clk_pin rise edge)
                                                      0.000     0.000 r  
    E3                                                0.000     0.000 r  clk (IN)
                         net (fo=0)                   0.000     0.000    clk
    E3                   IBUF (Prop_ibuf_I_O)         0.250     0.250 r  clk_IBUF_inst/O
                         net (fo=1, routed)           0.644     0.894    clk_IBUF
    BUFGCTRL_X0Y16       BUFG (Prop_bufg_I_O)         0.026     0.920 r  clk_IBUF_BUFG_inst/O
                         net (fo=88, routed)          0.559     1.478    U8_clk_div/clk
    SLICE_X52Y100        FDCE                                         r  U8_clk_div/clkdiv_reg[20]/C
  -------------------------------------------------------------------    -------------------
    SLICE_X52Y100        FDCE (Prop_fdce_C_Q)         0.141     1.619 r  U8_clk_div/clkdiv_reg[20]/Q
                         net (fo=2, routed)           0.098     1.717    U5_Multi_8CH32/point_in[20]
    SLICE_X53Y100        LUT6 (Prop_lut6_I1_O)        0.045     1.762 r  U5_Multi_8CH32/point_out[4]_i_2/O
                         net (fo=1, routed)           0.000     1.762    U5_Multi_8CH32/point_out[4]_i_2_n_0
    SLICE_X53Y100        MUXF7 (Prop_muxf7_I0_O)      0.062     1.824 r  U5_Multi_8CH32/point_out_reg[4]_i_1/O
                         net (fo=1, routed)           0.000     1.824    U5_Multi_8CH32/point_out_reg[4]_i_1_n_0
    SLICE_X53Y100        FDCE                                         r  U5_Multi_8CH32/point_out_reg[4]/D
  -------------------------------------------------------------------    -------------------

Slack:                    inf
  Source:                 U8_clk_div/clkdiv_reg[16]/C
                            (rising edge-triggered cell FDCE clocked by sys_clk_pin  {rise@0.000ns fall@50.000ns period=100.000ns})
  Destination:            U5_Multi_8CH32/point_out_reg[0]/D
  Path Group:             (none)
  Path Type:              Min at Fast Process Corner
  Data Path Delay:        0.346ns  (logic 0.248ns (71.721%)  route 0.098ns (28.279%))
  Logic Levels:           2  (LUT6=1 MUXF7=1)
  Clock Uncertainty:      0.025ns  ((TSJ^2 + TIJ^2)^1/2 + DJ) / 2 + PE
    Total System Jitter     (TSJ):    0.050ns
    Total Input Jitter      (TIJ):    0.000ns
    Discrete Jitter          (DJ):    0.000ns
    Phase Error              (PE):    0.000ns

    Location             Delay type                Incr(ns)  Path(ns)    Netlist Resource(s)
  -------------------------------------------------------------------    -------------------
                         (clock sys_clk_pin rise edge)
                                                      0.000     0.000 r  
    E3                                                0.000     0.000 r  clk (IN)
                         net (fo=0)                   0.000     0.000    clk
    E3                   IBUF (Prop_ibuf_I_O)         0.250     0.250 r  clk_IBUF_inst/O
                         net (fo=1, routed)           0.644     0.894    clk_IBUF
    BUFGCTRL_X0Y16       BUFG (Prop_bufg_I_O)         0.026     0.920 r  clk_IBUF_BUFG_inst/O
                         net (fo=88, routed)          0.565     1.484    U8_clk_div/clk
    SLICE_X52Y99         FDCE                                         r  U8_clk_div/clkdiv_reg[16]/C
  -------------------------------------------------------------------    -------------------
    SLICE_X52Y99         FDCE (Prop_fdce_C_Q)         0.141     1.625 r  U8_clk_div/clkdiv_reg[16]/Q
                         net (fo=2, routed)           0.098     1.723    U5_Multi_8CH32/point_in[16]
    SLICE_X53Y99         LUT6 (Prop_lut6_I1_O)        0.045     1.768 r  U5_Multi_8CH32/point_out[0]_i_2/O
                         net (fo=1, routed)           0.000     1.768    U5_Multi_8CH32/point_out[0]_i_2_n_0
    SLICE_X53Y99         MUXF7 (Prop_muxf7_I0_O)      0.062     1.830 r  U5_Multi_8CH32/point_out_reg[0]_i_1/O
                         net (fo=1, routed)           0.000     1.830    U5_Multi_8CH32/point_out_reg[0]_i_1_n_0
    SLICE_X53Y99         FDCE                                         r  U5_Multi_8CH32/point_out_reg[0]/D
  -------------------------------------------------------------------    -------------------

Slack:                    inf
  Source:                 U8_clk_div/clkdiv_reg[23]/C
                            (rising edge-triggered cell FDCE clocked by sys_clk_pin  {rise@0.000ns fall@50.000ns period=100.000ns})
  Destination:            U5_Multi_8CH32/point_out_reg[7]/D
  Path Group:             (none)
  Path Type:              Min at Fast Process Corner
  Data Path Delay:        0.362ns  (logic 0.248ns (68.483%)  route 0.114ns (31.517%))
  Logic Levels:           2  (LUT6=1 MUXF7=1)
  Clock Uncertainty:      0.025ns  ((TSJ^2 + TIJ^2)^1/2 + DJ) / 2 + PE
    Total System Jitter     (TSJ):    0.050ns
    Total Input Jitter      (TIJ):    0.000ns
    Discrete Jitter          (DJ):    0.000ns
    Phase Error              (PE):    0.000ns

    Location             Delay type                Incr(ns)  Path(ns)    Netlist Resource(s)
  -------------------------------------------------------------------    -------------------
                         (clock sys_clk_pin rise edge)
                                                      0.000     0.000 r  
    E3                                                0.000     0.000 r  clk (IN)
                         net (fo=0)                   0.000     0.000    clk
    E3                   IBUF (Prop_ibuf_I_O)         0.250     0.250 r  clk_IBUF_inst/O
                         net (fo=1, routed)           0.644     0.894    clk_IBUF
    BUFGCTRL_X0Y16       BUFG (Prop_bufg_I_O)         0.026     0.920 r  clk_IBUF_BUFG_inst/O
                         net (fo=88, routed)          0.559     1.478    U8_clk_div/clk
    SLICE_X52Y100        FDCE                                         r  U8_clk_div/clkdiv_reg[23]/C
  -------------------------------------------------------------------    -------------------
    SLICE_X52Y100        FDCE (Prop_fdce_C_Q)         0.141     1.619 r  U8_clk_div/clkdiv_reg[23]/Q
                         net (fo=2, routed)           0.114     1.734    U5_Multi_8CH32/point_in[23]
    SLICE_X54Y100        LUT6 (Prop_lut6_I1_O)        0.045     1.779 r  U5_Multi_8CH32/point_out[7]_i_2/O
                         net (fo=1, routed)           0.000     1.779    U5_Multi_8CH32/point_out[7]_i_2_n_0
    SLICE_X54Y100        MUXF7 (Prop_muxf7_I0_O)      0.062     1.841 r  U5_Multi_8CH32/point_out_reg[7]_i_1/O
                         net (fo=1, routed)           0.000     1.841    U5_Multi_8CH32/point_out_reg[7]_i_1_n_0
    SLICE_X54Y100        FDCE                                         r  U5_Multi_8CH32/point_out_reg[7]/D
  -------------------------------------------------------------------    -------------------

Slack:                    inf
  Source:                 U8_clk_div/clkdiv_reg[9]/C
                            (rising edge-triggered cell FDCE clocked by sys_clk_pin  {rise@0.000ns fall@50.000ns period=100.000ns})
  Destination:            U5_Multi_8CH32/point_out_reg[1]/D
  Path Group:             (none)
  Path Type:              Min at Fast Process Corner
  Data Path Delay:        0.397ns  (logic 0.248ns (62.458%)  route 0.149ns (37.542%))
  Logic Levels:           2  (LUT6=1 MUXF7=1)
  Clock Uncertainty:      0.025ns  ((TSJ^2 + TIJ^2)^1/2 + DJ) / 2 + PE
    Total System Jitter     (TSJ):    0.050ns
    Total Input Jitter      (TIJ):    0.000ns
    Discrete Jitter          (DJ):    0.000ns
    Phase Error              (PE):    0.000ns

    Location             Delay type                Incr(ns)  Path(ns)    Netlist Resource(s)
  -------------------------------------------------------------------    -------------------
                         (clock sys_clk_pin rise edge)
                                                      0.000     0.000 r  
    E3                                                0.000     0.000 r  clk (IN)
                         net (fo=0)                   0.000     0.000    clk
    E3                   IBUF (Prop_ibuf_I_O)         0.250     0.250 r  clk_IBUF_inst/O
                         net (fo=1, routed)           0.644     0.894    clk_IBUF
    BUFGCTRL_X0Y16       BUFG (Prop_bufg_I_O)         0.026     0.920 r  clk_IBUF_BUFG_inst/O
                         net (fo=88, routed)          0.565     1.484    U8_clk_div/clk
    SLICE_X52Y97         FDCE                                         r  U8_clk_div/clkdiv_reg[9]/C
  -------------------------------------------------------------------    -------------------
    SLICE_X52Y97         FDCE (Prop_fdce_C_Q)         0.141     1.625 r  U8_clk_div/clkdiv_reg[9]/Q
                         net (fo=2, routed)           0.149     1.774    U5_Multi_8CH32/point_in[9]
    SLICE_X53Y97         LUT6 (Prop_lut6_I3_O)        0.045     1.819 r  U5_Multi_8CH32/point_out[1]_i_2/O
                         net (fo=1, routed)           0.000     1.819    U5_Multi_8CH32/point_out[1]_i_2_n_0
    SLICE_X53Y97         MUXF7 (Prop_muxf7_I0_O)      0.062     1.881 r  U5_Multi_8CH32/point_out_reg[1]_i_1/O
                         net (fo=1, routed)           0.000     1.881    U5_Multi_8CH32/point_out_reg[1]_i_1_n_0
    SLICE_X53Y97         FDCE                                         r  U5_Multi_8CH32/point_out_reg[1]/D
  -------------------------------------------------------------------    -------------------

Slack:                    inf
  Source:                 U8_clk_div/clkdiv_reg[14]/C
                            (rising edge-triggered cell FDCE clocked by sys_clk_pin  {rise@0.000ns fall@50.000ns period=100.000ns})
  Destination:            U5_Multi_8CH32/point_out_reg[6]/D
  Path Group:             (none)
  Path Type:              Min at Fast Process Corner
  Data Path Delay:        0.409ns  (logic 0.257ns (62.822%)  route 0.152ns (37.178%))
  Logic Levels:           2  (LUT6=1 MUXF7=1)
  Clock Uncertainty:      0.025ns  ((TSJ^2 + TIJ^2)^1/2 + DJ) / 2 + PE
    Total System Jitter     (TSJ):    0.050ns
    Total Input Jitter      (TIJ):    0.000ns
    Discrete Jitter          (DJ):    0.000ns
    Phase Error              (PE):    0.000ns

    Location             Delay type                Incr(ns)  Path(ns)    Netlist Resource(s)
  -------------------------------------------------------------------    -------------------
                         (clock sys_clk_pin rise edge)
                                                      0.000     0.000 r  
    E3                                                0.000     0.000 r  clk (IN)
                         net (fo=0)                   0.000     0.000    clk
    E3                   IBUF (Prop_ibuf_I_O)         0.250     0.250 r  clk_IBUF_inst/O
                         net (fo=1, routed)           0.644     0.894    clk_IBUF
    BUFGCTRL_X0Y16       BUFG (Prop_bufg_I_O)         0.026     0.920 r  clk_IBUF_BUFG_inst/O
                         net (fo=88, routed)          0.565     1.484    U8_clk_div/clk
    SLICE_X52Y98         FDCE                                         r  U8_clk_div/clkdiv_reg[14]/C
  -------------------------------------------------------------------    -------------------
    SLICE_X52Y98         FDCE (Prop_fdce_C_Q)         0.141     1.625 r  U8_clk_div/clkdiv_reg[14]/Q
                         net (fo=2, routed)           0.152     1.777    U5_Multi_8CH32/point_in[14]
    SLICE_X53Y98         LUT6 (Prop_lut6_I3_O)        0.045     1.822 r  U5_Multi_8CH32/point_out[6]_i_2/O
                         net (fo=1, routed)           0.000     1.822    U5_Multi_8CH32/point_out[6]_i_2_n_0
    SLICE_X53Y98         MUXF7 (Prop_muxf7_I0_O)      0.071     1.893 r  U5_Multi_8CH32/point_out_reg[6]_i_1/O
                         net (fo=1, routed)           0.000     1.893    U5_Multi_8CH32/point_out_reg[6]_i_1_n_0
    SLICE_X53Y98         FDCE                                         r  U5_Multi_8CH32/point_out_reg[6]/D
  -------------------------------------------------------------------    -------------------

Slack:                    inf
  Source:                 U8_clk_div/clkdiv_reg[3]/C
                            (rising edge-triggered cell FDCE clocked by sys_clk_pin  {rise@0.000ns fall@50.000ns period=100.000ns})
  Destination:            U5_Multi_8CH32/point_out_reg[3]/D
  Path Group:             (none)
  Path Type:              Min at Fast Process Corner
  Data Path Delay:        0.426ns  (logic 0.248ns (58.215%)  route 0.178ns (41.785%))
  Logic Levels:           2  (LUT6=1 MUXF7=1)
  Clock Uncertainty:      0.025ns  ((TSJ^2 + TIJ^2)^1/2 + DJ) / 2 + PE
    Total System Jitter     (TSJ):    0.050ns
    Total Input Jitter      (TIJ):    0.000ns
    Discrete Jitter          (DJ):    0.000ns
    Phase Error              (PE):    0.000ns

    Location             Delay type                Incr(ns)  Path(ns)    Netlist Resource(s)
  -------------------------------------------------------------------    -------------------
                         (clock sys_clk_pin rise edge)
                                                      0.000     0.000 r  
    E3                                                0.000     0.000 r  clk (IN)
                         net (fo=0)                   0.000     0.000    clk
    E3                   IBUF (Prop_ibuf_I_O)         0.250     0.250 r  clk_IBUF_inst/O
                         net (fo=1, routed)           0.644     0.894    clk_IBUF
    BUFGCTRL_X0Y16       BUFG (Prop_bufg_I_O)         0.026     0.920 r  clk_IBUF_BUFG_inst/O
                         net (fo=88, routed)          0.564     1.483    U8_clk_div/clk
    SLICE_X52Y95         FDCE                                         r  U8_clk_div/clkdiv_reg[3]/C
  -------------------------------------------------------------------    -------------------
    SLICE_X52Y95         FDCE (Prop_fdce_C_Q)         0.141     1.624 r  U8_clk_div/clkdiv_reg[3]/Q
                         net (fo=2, routed)           0.178     1.802    U5_Multi_8CH32/point_in[3]
    SLICE_X53Y98         LUT6 (Prop_lut6_I5_O)        0.045     1.847 r  U5_Multi_8CH32/point_out[3]_i_2/O
                         net (fo=1, routed)           0.000     1.847    U5_Multi_8CH32/point_out[3]_i_2_n_0
    SLICE_X53Y98         MUXF7 (Prop_muxf7_I0_O)      0.062     1.909 r  U5_Multi_8CH32/point_out_reg[3]_i_1/O
                         net (fo=1, routed)           0.000     1.909    U5_Multi_8CH32/point_out_reg[3]_i_1_n_0
    SLICE_X53Y98         FDCE                                         r  U5_Multi_8CH32/point_out_reg[3]/D
  -------------------------------------------------------------------    -------------------

Slack:                    inf
  Source:                 U6_SSeg7/seg_data_reg[2]/C
                            (rising edge-triggered cell FDPE clocked by sys_clk_pin  {rise@0.000ns fall@50.000ns period=100.000ns})
  Destination:            U6_SSeg7/seg_sout_reg[1]/D
  Path Group:             (none)
  Path Type:              Min at Fast Process Corner
  Data Path Delay:        0.511ns  (logic 0.231ns (45.196%)  route 0.280ns (54.804%))
  Logic Levels:           2  (LUT4=1 LUT6=1)
  Clock Uncertainty:      0.025ns  ((TSJ^2 + TIJ^2)^1/2 + DJ) / 2 + PE
    Total System Jitter     (TSJ):    0.050ns
    Total Input Jitter      (TIJ):    0.000ns
    Discrete Jitter          (DJ):    0.000ns
    Phase Error              (PE):    0.000ns

    Location             Delay type                Incr(ns)  Path(ns)    Netlist Resource(s)
  -------------------------------------------------------------------    -------------------
                         (clock sys_clk_pin rise edge)
                                                      0.000     0.000 r  
    E3                                                0.000     0.000 r  clk (IN)
                         net (fo=0)                   0.000     0.000    clk
    E3                   IBUF (Prop_ibuf_I_O)         0.250     0.250 r  clk_IBUF_inst/O
                         net (fo=1, routed)           0.644     0.894    clk_IBUF
    BUFGCTRL_X0Y16       BUFG (Prop_bufg_I_O)         0.026     0.920 r  clk_IBUF_BUFG_inst/O
                         net (fo=88, routed)          0.559     1.478    U6_SSeg7/clk
    SLICE_X57Y105        FDPE                                         r  U6_SSeg7/seg_data_reg[2]/C
  -------------------------------------------------------------------    -------------------
    SLICE_X57Y105        FDPE (Prop_fdpe_C_Q)         0.141     1.619 r  U6_SSeg7/seg_data_reg[2]/Q
                         net (fo=10, routed)          0.123     1.742    U6_SSeg7/seg_data_reg_n_0_[2]
    SLICE_X56Y105        LUT4 (Prop_lut4_I3_O)        0.045     1.787 r  U6_SSeg7/seg_sout[1]_i_3/O
                         net (fo=2, routed)           0.158     1.945    U6_SSeg7/seg_sout[1]_i_3_n_0
    SLICE_X54Y105        LUT6 (Prop_lut6_I1_O)        0.045     1.990 r  U6_SSeg7/seg_sout[1]_i_1/O
                         net (fo=1, routed)           0.000     1.990    U6_SSeg7/p_0_in[1]
    SLICE_X54Y105        FDRE                                         r  U6_SSeg7/seg_sout_reg[1]/D
  -------------------------------------------------------------------    -------------------

Slack:                    inf
  Source:                 U6_SSeg7/seg_data_reg[19]/C
                            (rising edge-triggered cell FDPE clocked by sys_clk_pin  {rise@0.000ns fall@50.000ns period=100.000ns})
  Destination:            U6_SSeg7/seg_sout_reg[3]/D
  Path Group:             (none)
  Path Type:              Min at Fast Process Corner
  Data Path Delay:        0.535ns  (logic 0.231ns (43.143%)  route 0.304ns (56.857%))
  Logic Levels:           2  (LUT6=2)
  Clock Uncertainty:      0.025ns  ((TSJ^2 + TIJ^2)^1/2 + DJ) / 2 + PE
    Total System Jitter     (TSJ):    0.050ns
    Total Input Jitter      (TIJ):    0.000ns
    Discrete Jitter          (DJ):    0.000ns
    Phase Error              (PE):    0.000ns

    Location             Delay type                Incr(ns)  Path(ns)    Netlist Resource(s)
  -------------------------------------------------------------------    -------------------
                         (clock sys_clk_pin rise edge)
                                                      0.000     0.000 r  
    E3                                                0.000     0.000 r  clk (IN)
                         net (fo=0)                   0.000     0.000    clk
    E3                   IBUF (Prop_ibuf_I_O)         0.250     0.250 r  clk_IBUF_inst/O
                         net (fo=1, routed)           0.644     0.894    clk_IBUF
    BUFGCTRL_X0Y16       BUFG (Prop_bufg_I_O)         0.026     0.920 r  clk_IBUF_BUFG_inst/O
                         net (fo=88, routed)          0.559     1.478    U6_SSeg7/clk
    SLICE_X57Y106        FDPE                                         r  U6_SSeg7/seg_data_reg[19]/C
  -------------------------------------------------------------------    -------------------
    SLICE_X57Y106        FDPE (Prop_fdpe_C_Q)         0.141     1.619 r  U6_SSeg7/seg_data_reg[19]/Q
                         net (fo=8, routed)           0.075     1.695    U6_SSeg7/in12[3]
    SLICE_X56Y106        LUT6 (Prop_lut6_I0_O)        0.045     1.740 r  U6_SSeg7/seg_sout[3]_i_2/O
                         net (fo=1, routed)           0.229     1.969    U6_SSeg7/seg_sout[3]_i_2_n_0
    SLICE_X56Y106        LUT6 (Prop_lut6_I0_O)        0.045     2.014 r  U6_SSeg7/seg_sout[3]_i_1/O
                         net (fo=1, routed)           0.000     2.014    U6_SSeg7/p_0_in[3]
    SLICE_X56Y106        FDRE                                         r  U6_SSeg7/seg_sout_reg[3]/D
  -------------------------------------------------------------------    -------------------

Slack:                    inf
  Source:                 U6_SSeg7/seg_data_reg[12]/C
                            (rising edge-triggered cell FDPE clocked by sys_clk_pin  {rise@0.000ns fall@50.000ns period=100.000ns})
  Destination:            U6_SSeg7/seg_sout_reg[4]/D
  Path Group:             (none)
  Path Type:              Min at Fast Process Corner
  Data Path Delay:        0.554ns  (logic 0.254ns (45.822%)  route 0.300ns (54.178%))
  Logic Levels:           2  (LUT6=2)
  Clock Uncertainty:      0.025ns  ((TSJ^2 + TIJ^2)^1/2 + DJ) / 2 + PE
    Total System Jitter     (TSJ):    0.050ns
    Total Input Jitter      (TIJ):    0.000ns
    Discrete Jitter          (DJ):    0.000ns
    Phase Error              (PE):    0.000ns

    Location             Delay type                Incr(ns)  Path(ns)    Netlist Resource(s)
  -------------------------------------------------------------------    -------------------
                         (clock sys_clk_pin rise edge)
                                                      0.000     0.000 r  
    E3                                                0.000     0.000 r  clk (IN)
                         net (fo=0)                   0.000     0.000    clk
    E3                   IBUF (Prop_ibuf_I_O)         0.250     0.250 r  clk_IBUF_inst/O
                         net (fo=1, routed)           0.644     0.894    clk_IBUF
    BUFGCTRL_X0Y16       BUFG (Prop_bufg_I_O)         0.026     0.920 r  clk_IBUF_BUFG_inst/O
                         net (fo=88, routed)          0.557     1.476    U6_SSeg7/clk
    SLICE_X54Y107        FDPE                                         r  U6_SSeg7/seg_data_reg[12]/C
  -------------------------------------------------------------------    -------------------
    SLICE_X54Y107        FDPE (Prop_fdpe_C_Q)         0.164     1.640 r  U6_SSeg7/seg_data_reg[12]/Q
                         net (fo=8, routed)           0.106     1.747    U6_SSeg7/in11[4]
    SLICE_X55Y107        LUT6 (Prop_lut6_I5_O)        0.045     1.792 r  U6_SSeg7/seg_sout[4]_i_2/O
                         net (fo=1, routed)           0.194     1.986    U6_SSeg7/seg_sout[4]_i_2_n_0
    SLICE_X54Y106        LUT6 (Prop_lut6_I0_O)        0.045     2.031 r  U6_SSeg7/seg_sout[4]_i_1/O
                         net (fo=1, routed)           0.000     2.031    U6_SSeg7/p_0_in[4]
    SLICE_X54Y106        FDRE                                         r  U6_SSeg7/seg_sout_reg[4]/D
  -------------------------------------------------------------------    -------------------





--------------------------------------------------------------------------------------
Path Group:  (none)
From Clock:  
  To Clock:  sys_clk_pin

Max Delay           204 Endpoints
Min Delay           204 Endpoints
--------------------------------------------------------------------------------------


Max Delay Paths
--------------------------------------------------------------------------------------
Slack:                    inf
  Source:                 rstn
                            (input port)
  Destination:            U6_SSeg7/point_data_reg[0]/CLR
                            (recovery check against rising-edge clock sys_clk_pin  {rise@0.000ns fall@50.000ns period=100.000ns})
  Path Group:             (none)
  Path Type:              Recovery (Max at Slow Process Corner)
  Data Path Delay:        14.144ns  (logic 1.631ns (11.531%)  route 12.513ns (88.469%))
  Logic Levels:           2  (IBUF=1 LUT1=1)
  Clock Path Skew:        4.928ns (DCD - SCD + CPR)
    Destination Clock Delay (DCD):    4.928ns
    Source Clock Delay      (SCD):    0.000ns
    Clock Pessimism Removal (CPR):    0.000ns
  Clock Uncertainty:      0.025ns  ((TSJ^2 + TIJ^2)^1/2 + DJ) / 2 + PE
    Total System Jitter     (TSJ):    0.050ns
    Total Input Jitter      (TIJ):    0.000ns
    Discrete Jitter          (DJ):    0.000ns
    Phase Error              (PE):    0.000ns

    Location             Delay type                Incr(ns)  Path(ns)    Netlist Resource(s)
  -------------------------------------------------------------------    -------------------
    C12                                               0.000     0.000 r  rstn (IN)
                         net (fo=0)                   0.000     0.000    rstn
    C12                  IBUF (Prop_ibuf_I_O)         1.507     1.507 r  rstn_IBUF_inst/O
                         net (fo=3, routed)           2.411     3.918    U1_SCPU/my_RF/rstn_IBUF
    SLICE_X36Y126        LUT1 (Prop_lut1_I0_O)        0.124     4.042 f  U1_SCPU/my_RF/data_out[63]_i_3__1/O
                         net (fo=2004, routed)       10.103    14.144    U6_SSeg7/rst
    SLICE_X54Y99         FDCE                                         f  U6_SSeg7/point_data_reg[0]/CLR
  -------------------------------------------------------------------    -------------------

                         (clock sys_clk_pin rise edge)
                                                      0.000     0.000 r  
    E3                                                0.000     0.000 r  clk (IN)
                         net (fo=0)                   0.000     0.000    clk
    E3                   IBUF (Prop_ibuf_I_O)         1.411     1.411 r  clk_IBUF_inst/O
                         net (fo=1, routed)           1.920     3.331    clk_IBUF
    BUFGCTRL_X0Y16       BUFG (Prop_bufg_I_O)         0.091     3.422 r  clk_IBUF_BUFG_inst/O
                         net (fo=88, routed)          1.505     4.928    U6_SSeg7/clk
    SLICE_X54Y99         FDCE                                         r  U6_SSeg7/point_data_reg[0]/C

Slack:                    inf
  Source:                 rstn
                            (input port)
  Destination:            U6_SSeg7/point_data_reg[2]/CLR
                            (recovery check against rising-edge clock sys_clk_pin  {rise@0.000ns fall@50.000ns period=100.000ns})
  Path Group:             (none)
  Path Type:              Recovery (Max at Slow Process Corner)
  Data Path Delay:        14.144ns  (logic 1.631ns (11.531%)  route 12.513ns (88.469%))
  Logic Levels:           2  (IBUF=1 LUT1=1)
  Clock Path Skew:        4.928ns (DCD - SCD + CPR)
    Destination Clock Delay (DCD):    4.928ns
    Source Clock Delay      (SCD):    0.000ns
    Clock Pessimism Removal (CPR):    0.000ns
  Clock Uncertainty:      0.025ns  ((TSJ^2 + TIJ^2)^1/2 + DJ) / 2 + PE
    Total System Jitter     (TSJ):    0.050ns
    Total Input Jitter      (TIJ):    0.000ns
    Discrete Jitter          (DJ):    0.000ns
    Phase Error              (PE):    0.000ns

    Location             Delay type                Incr(ns)  Path(ns)    Netlist Resource(s)
  -------------------------------------------------------------------    -------------------
    C12                                               0.000     0.000 r  rstn (IN)
                         net (fo=0)                   0.000     0.000    rstn
    C12                  IBUF (Prop_ibuf_I_O)         1.507     1.507 r  rstn_IBUF_inst/O
                         net (fo=3, routed)           2.411     3.918    U1_SCPU/my_RF/rstn_IBUF
    SLICE_X36Y126        LUT1 (Prop_lut1_I0_O)        0.124     4.042 f  U1_SCPU/my_RF/data_out[63]_i_3__1/O
                         net (fo=2004, routed)       10.103    14.144    U6_SSeg7/rst
    SLICE_X54Y99         FDCE                                         f  U6_SSeg7/point_data_reg[2]/CLR
  -------------------------------------------------------------------    -------------------

                         (clock sys_clk_pin rise edge)
                                                      0.000     0.000 r  
    E3                                                0.000     0.000 r  clk (IN)
                         net (fo=0)                   0.000     0.000    clk
    E3                   IBUF (Prop_ibuf_I_O)         1.411     1.411 r  clk_IBUF_inst/O
                         net (fo=1, routed)           1.920     3.331    clk_IBUF
    BUFGCTRL_X0Y16       BUFG (Prop_bufg_I_O)         0.091     3.422 r  clk_IBUF_BUFG_inst/O
                         net (fo=88, routed)          1.505     4.928    U6_SSeg7/clk
    SLICE_X54Y99         FDCE                                         r  U6_SSeg7/point_data_reg[2]/C

Slack:                    inf
  Source:                 rstn
                            (input port)
  Destination:            U6_SSeg7/point_data_reg[3]/CLR
                            (recovery check against rising-edge clock sys_clk_pin  {rise@0.000ns fall@50.000ns period=100.000ns})
  Path Group:             (none)
  Path Type:              Recovery (Max at Slow Process Corner)
  Data Path Delay:        14.144ns  (logic 1.631ns (11.531%)  route 12.513ns (88.469%))
  Logic Levels:           2  (IBUF=1 LUT1=1)
  Clock Path Skew:        4.928ns (DCD - SCD + CPR)
    Destination Clock Delay (DCD):    4.928ns
    Source Clock Delay      (SCD):    0.000ns
    Clock Pessimism Removal (CPR):    0.000ns
  Clock Uncertainty:      0.025ns  ((TSJ^2 + TIJ^2)^1/2 + DJ) / 2 + PE
    Total System Jitter     (TSJ):    0.050ns
    Total Input Jitter      (TIJ):    0.000ns
    Discrete Jitter          (DJ):    0.000ns
    Phase Error              (PE):    0.000ns

    Location             Delay type                Incr(ns)  Path(ns)    Netlist Resource(s)
  -------------------------------------------------------------------    -------------------
    C12                                               0.000     0.000 r  rstn (IN)
                         net (fo=0)                   0.000     0.000    rstn
    C12                  IBUF (Prop_ibuf_I_O)         1.507     1.507 r  rstn_IBUF_inst/O
                         net (fo=3, routed)           2.411     3.918    U1_SCPU/my_RF/rstn_IBUF
    SLICE_X36Y126        LUT1 (Prop_lut1_I0_O)        0.124     4.042 f  U1_SCPU/my_RF/data_out[63]_i_3__1/O
                         net (fo=2004, routed)       10.103    14.144    U6_SSeg7/rst
    SLICE_X54Y99         FDCE                                         f  U6_SSeg7/point_data_reg[3]/CLR
  -------------------------------------------------------------------    -------------------

                         (clock sys_clk_pin rise edge)
                                                      0.000     0.000 r  
    E3                                                0.000     0.000 r  clk (IN)
                         net (fo=0)                   0.000     0.000    clk
    E3                   IBUF (Prop_ibuf_I_O)         1.411     1.411 r  clk_IBUF_inst/O
                         net (fo=1, routed)           1.920     3.331    clk_IBUF
    BUFGCTRL_X0Y16       BUFG (Prop_bufg_I_O)         0.091     3.422 r  clk_IBUF_BUFG_inst/O
                         net (fo=88, routed)          1.505     4.928    U6_SSeg7/clk
    SLICE_X54Y99         FDCE                                         r  U6_SSeg7/point_data_reg[3]/C

Slack:                    inf
  Source:                 rstn
                            (input port)
  Destination:            U8_clk_div/clkdiv_reg[4]/CLR
                            (recovery check against rising-edge clock sys_clk_pin  {rise@0.000ns fall@50.000ns period=100.000ns})
  Path Group:             (none)
  Path Type:              Recovery (Max at Slow Process Corner)
  Data Path Delay:        13.994ns  (logic 1.631ns (11.655%)  route 12.363ns (88.345%))
  Logic Levels:           2  (IBUF=1 LUT1=1)
  Clock Path Skew:        4.927ns (DCD - SCD + CPR)
    Destination Clock Delay (DCD):    4.927ns
    Source Clock Delay      (SCD):    0.000ns
    Clock Pessimism Removal (CPR):    0.000ns
  Clock Uncertainty:      0.025ns  ((TSJ^2 + TIJ^2)^1/2 + DJ) / 2 + PE
    Total System Jitter     (TSJ):    0.050ns
    Total Input Jitter      (TIJ):    0.000ns
    Discrete Jitter          (DJ):    0.000ns
    Phase Error              (PE):    0.000ns

    Location             Delay type                Incr(ns)  Path(ns)    Netlist Resource(s)
  -------------------------------------------------------------------    -------------------
    C12                                               0.000     0.000 r  rstn (IN)
                         net (fo=0)                   0.000     0.000    rstn
    C12                  IBUF (Prop_ibuf_I_O)         1.507     1.507 r  rstn_IBUF_inst/O
                         net (fo=3, routed)           2.411     3.918    U1_SCPU/my_RF/rstn_IBUF
    SLICE_X36Y126        LUT1 (Prop_lut1_I0_O)        0.124     4.042 f  U1_SCPU/my_RF/data_out[63]_i_3__1/O
                         net (fo=2004, routed)        9.952    13.994    U8_clk_div/rst0
    SLICE_X52Y96         FDCE                                         f  U8_clk_div/clkdiv_reg[4]/CLR
  -------------------------------------------------------------------    -------------------

                         (clock sys_clk_pin rise edge)
                                                      0.000     0.000 r  
    E3                                                0.000     0.000 r  clk (IN)
                         net (fo=0)                   0.000     0.000    clk
    E3                   IBUF (Prop_ibuf_I_O)         1.411     1.411 r  clk_IBUF_inst/O
                         net (fo=1, routed)           1.920     3.331    clk_IBUF
    BUFGCTRL_X0Y16       BUFG (Prop_bufg_I_O)         0.091     3.422 r  clk_IBUF_BUFG_inst/O
                         net (fo=88, routed)          1.504     4.927    U8_clk_div/clk
    SLICE_X52Y96         FDCE                                         r  U8_clk_div/clkdiv_reg[4]/C

Slack:                    inf
  Source:                 rstn
                            (input port)
  Destination:            U8_clk_div/clkdiv_reg[5]/CLR
                            (recovery check against rising-edge clock sys_clk_pin  {rise@0.000ns fall@50.000ns period=100.000ns})
  Path Group:             (none)
  Path Type:              Recovery (Max at Slow Process Corner)
  Data Path Delay:        13.994ns  (logic 1.631ns (11.655%)  route 12.363ns (88.345%))
  Logic Levels:           2  (IBUF=1 LUT1=1)
  Clock Path Skew:        4.927ns (DCD - SCD + CPR)
    Destination Clock Delay (DCD):    4.927ns
    Source Clock Delay      (SCD):    0.000ns
    Clock Pessimism Removal (CPR):    0.000ns
  Clock Uncertainty:      0.025ns  ((TSJ^2 + TIJ^2)^1/2 + DJ) / 2 + PE
    Total System Jitter     (TSJ):    0.050ns
    Total Input Jitter      (TIJ):    0.000ns
    Discrete Jitter          (DJ):    0.000ns
    Phase Error              (PE):    0.000ns

    Location             Delay type                Incr(ns)  Path(ns)    Netlist Resource(s)
  -------------------------------------------------------------------    -------------------
    C12                                               0.000     0.000 r  rstn (IN)
                         net (fo=0)                   0.000     0.000    rstn
    C12                  IBUF (Prop_ibuf_I_O)         1.507     1.507 r  rstn_IBUF_inst/O
                         net (fo=3, routed)           2.411     3.918    U1_SCPU/my_RF/rstn_IBUF
    SLICE_X36Y126        LUT1 (Prop_lut1_I0_O)        0.124     4.042 f  U1_SCPU/my_RF/data_out[63]_i_3__1/O
                         net (fo=2004, routed)        9.952    13.994    U8_clk_div/rst0
    SLICE_X52Y96         FDCE                                         f  U8_clk_div/clkdiv_reg[5]/CLR
  -------------------------------------------------------------------    -------------------

                         (clock sys_clk_pin rise edge)
                                                      0.000     0.000 r  
    E3                                                0.000     0.000 r  clk (IN)
                         net (fo=0)                   0.000     0.000    clk
    E3                   IBUF (Prop_ibuf_I_O)         1.411     1.411 r  clk_IBUF_inst/O
                         net (fo=1, routed)           1.920     3.331    clk_IBUF
    BUFGCTRL_X0Y16       BUFG (Prop_bufg_I_O)         0.091     3.422 r  clk_IBUF_BUFG_inst/O
                         net (fo=88, routed)          1.504     4.927    U8_clk_div/clk
    SLICE_X52Y96         FDCE                                         r  U8_clk_div/clkdiv_reg[5]/C

Slack:                    inf
  Source:                 rstn
                            (input port)
  Destination:            U8_clk_div/clkdiv_reg[6]/CLR
                            (recovery check against rising-edge clock sys_clk_pin  {rise@0.000ns fall@50.000ns period=100.000ns})
  Path Group:             (none)
  Path Type:              Recovery (Max at Slow Process Corner)
  Data Path Delay:        13.994ns  (logic 1.631ns (11.655%)  route 12.363ns (88.345%))
  Logic Levels:           2  (IBUF=1 LUT1=1)
  Clock Path Skew:        4.927ns (DCD - SCD + CPR)
    Destination Clock Delay (DCD):    4.927ns
    Source Clock Delay      (SCD):    0.000ns
    Clock Pessimism Removal (CPR):    0.000ns
  Clock Uncertainty:      0.025ns  ((TSJ^2 + TIJ^2)^1/2 + DJ) / 2 + PE
    Total System Jitter     (TSJ):    0.050ns
    Total Input Jitter      (TIJ):    0.000ns
    Discrete Jitter          (DJ):    0.000ns
    Phase Error              (PE):    0.000ns

    Location             Delay type                Incr(ns)  Path(ns)    Netlist Resource(s)
  -------------------------------------------------------------------    -------------------
    C12                                               0.000     0.000 r  rstn (IN)
                         net (fo=0)                   0.000     0.000    rstn
    C12                  IBUF (Prop_ibuf_I_O)         1.507     1.507 r  rstn_IBUF_inst/O
                         net (fo=3, routed)           2.411     3.918    U1_SCPU/my_RF/rstn_IBUF
    SLICE_X36Y126        LUT1 (Prop_lut1_I0_O)        0.124     4.042 f  U1_SCPU/my_RF/data_out[63]_i_3__1/O
                         net (fo=2004, routed)        9.952    13.994    U8_clk_div/rst0
    SLICE_X52Y96         FDCE                                         f  U8_clk_div/clkdiv_reg[6]/CLR
  -------------------------------------------------------------------    -------------------

                         (clock sys_clk_pin rise edge)
                                                      0.000     0.000 r  
    E3                                                0.000     0.000 r  clk (IN)
                         net (fo=0)                   0.000     0.000    clk
    E3                   IBUF (Prop_ibuf_I_O)         1.411     1.411 r  clk_IBUF_inst/O
                         net (fo=1, routed)           1.920     3.331    clk_IBUF
    BUFGCTRL_X0Y16       BUFG (Prop_bufg_I_O)         0.091     3.422 r  clk_IBUF_BUFG_inst/O
                         net (fo=88, routed)          1.504     4.927    U8_clk_div/clk
    SLICE_X52Y96         FDCE                                         r  U8_clk_div/clkdiv_reg[6]/C

Slack:                    inf
  Source:                 rstn
                            (input port)
  Destination:            U8_clk_div/clkdiv_reg[7]/CLR
                            (recovery check against rising-edge clock sys_clk_pin  {rise@0.000ns fall@50.000ns period=100.000ns})
  Path Group:             (none)
  Path Type:              Recovery (Max at Slow Process Corner)
  Data Path Delay:        13.994ns  (logic 1.631ns (11.655%)  route 12.363ns (88.345%))
  Logic Levels:           2  (IBUF=1 LUT1=1)
  Clock Path Skew:        4.927ns (DCD - SCD + CPR)
    Destination Clock Delay (DCD):    4.927ns
    Source Clock Delay      (SCD):    0.000ns
    Clock Pessimism Removal (CPR):    0.000ns
  Clock Uncertainty:      0.025ns  ((TSJ^2 + TIJ^2)^1/2 + DJ) / 2 + PE
    Total System Jitter     (TSJ):    0.050ns
    Total Input Jitter      (TIJ):    0.000ns
    Discrete Jitter          (DJ):    0.000ns
    Phase Error              (PE):    0.000ns

    Location             Delay type                Incr(ns)  Path(ns)    Netlist Resource(s)
  -------------------------------------------------------------------    -------------------
    C12                                               0.000     0.000 r  rstn (IN)
                         net (fo=0)                   0.000     0.000    rstn
    C12                  IBUF (Prop_ibuf_I_O)         1.507     1.507 r  rstn_IBUF_inst/O
                         net (fo=3, routed)           2.411     3.918    U1_SCPU/my_RF/rstn_IBUF
    SLICE_X36Y126        LUT1 (Prop_lut1_I0_O)        0.124     4.042 f  U1_SCPU/my_RF/data_out[63]_i_3__1/O
                         net (fo=2004, routed)        9.952    13.994    U8_clk_div/rst0
    SLICE_X52Y96         FDCE                                         f  U8_clk_div/clkdiv_reg[7]/CLR
  -------------------------------------------------------------------    -------------------

                         (clock sys_clk_pin rise edge)
                                                      0.000     0.000 r  
    E3                                                0.000     0.000 r  clk (IN)
                         net (fo=0)                   0.000     0.000    clk
    E3                   IBUF (Prop_ibuf_I_O)         1.411     1.411 r  clk_IBUF_inst/O
                         net (fo=1, routed)           1.920     3.331    clk_IBUF
    BUFGCTRL_X0Y16       BUFG (Prop_bufg_I_O)         0.091     3.422 r  clk_IBUF_BUFG_inst/O
                         net (fo=88, routed)          1.504     4.927    U8_clk_div/clk
    SLICE_X52Y96         FDCE                                         r  U8_clk_div/clkdiv_reg[7]/C

Slack:                    inf
  Source:                 rstn
                            (input port)
  Destination:            U8_clk_div/clkdiv_reg[10]/CLR
                            (recovery check against rising-edge clock sys_clk_pin  {rise@0.000ns fall@50.000ns period=100.000ns})
  Path Group:             (none)
  Path Type:              Recovery (Max at Slow Process Corner)
  Data Path Delay:        13.861ns  (logic 1.631ns (11.767%)  route 12.230ns (88.233%))
  Logic Levels:           2  (IBUF=1 LUT1=1)
  Clock Path Skew:        4.928ns (DCD - SCD + CPR)
    Destination Clock Delay (DCD):    4.928ns
    Source Clock Delay      (SCD):    0.000ns
    Clock Pessimism Removal (CPR):    0.000ns
  Clock Uncertainty:      0.025ns  ((TSJ^2 + TIJ^2)^1/2 + DJ) / 2 + PE
    Total System Jitter     (TSJ):    0.050ns
    Total Input Jitter      (TIJ):    0.000ns
    Discrete Jitter          (DJ):    0.000ns
    Phase Error              (PE):    0.000ns

    Location             Delay type                Incr(ns)  Path(ns)    Netlist Resource(s)
  -------------------------------------------------------------------    -------------------
    C12                                               0.000     0.000 r  rstn (IN)
                         net (fo=0)                   0.000     0.000    rstn
    C12                  IBUF (Prop_ibuf_I_O)         1.507     1.507 r  rstn_IBUF_inst/O
                         net (fo=3, routed)           2.411     3.918    U1_SCPU/my_RF/rstn_IBUF
    SLICE_X36Y126        LUT1 (Prop_lut1_I0_O)        0.124     4.042 f  U1_SCPU/my_RF/data_out[63]_i_3__1/O
                         net (fo=2004, routed)        9.819    13.861    U8_clk_div/rst0
    SLICE_X52Y97         FDCE                                         f  U8_clk_div/clkdiv_reg[10]/CLR
  -------------------------------------------------------------------    -------------------

                         (clock sys_clk_pin rise edge)
                                                      0.000     0.000 r  
    E3                                                0.000     0.000 r  clk (IN)
                         net (fo=0)                   0.000     0.000    clk
    E3                   IBUF (Prop_ibuf_I_O)         1.411     1.411 r  clk_IBUF_inst/O
                         net (fo=1, routed)           1.920     3.331    clk_IBUF
    BUFGCTRL_X0Y16       BUFG (Prop_bufg_I_O)         0.091     3.422 r  clk_IBUF_BUFG_inst/O
                         net (fo=88, routed)          1.505     4.928    U8_clk_div/clk
    SLICE_X52Y97         FDCE                                         r  U8_clk_div/clkdiv_reg[10]/C

Slack:                    inf
  Source:                 rstn
                            (input port)
  Destination:            U8_clk_div/clkdiv_reg[11]/CLR
                            (recovery check against rising-edge clock sys_clk_pin  {rise@0.000ns fall@50.000ns period=100.000ns})
  Path Group:             (none)
  Path Type:              Recovery (Max at Slow Process Corner)
  Data Path Delay:        13.861ns  (logic 1.631ns (11.767%)  route 12.230ns (88.233%))
  Logic Levels:           2  (IBUF=1 LUT1=1)
  Clock Path Skew:        4.928ns (DCD - SCD + CPR)
    Destination Clock Delay (DCD):    4.928ns
    Source Clock Delay      (SCD):    0.000ns
    Clock Pessimism Removal (CPR):    0.000ns
  Clock Uncertainty:      0.025ns  ((TSJ^2 + TIJ^2)^1/2 + DJ) / 2 + PE
    Total System Jitter     (TSJ):    0.050ns
    Total Input Jitter      (TIJ):    0.000ns
    Discrete Jitter          (DJ):    0.000ns
    Phase Error              (PE):    0.000ns

    Location             Delay type                Incr(ns)  Path(ns)    Netlist Resource(s)
  -------------------------------------------------------------------    -------------------
    C12                                               0.000     0.000 r  rstn (IN)
                         net (fo=0)                   0.000     0.000    rstn
    C12                  IBUF (Prop_ibuf_I_O)         1.507     1.507 r  rstn_IBUF_inst/O
                         net (fo=3, routed)           2.411     3.918    U1_SCPU/my_RF/rstn_IBUF
    SLICE_X36Y126        LUT1 (Prop_lut1_I0_O)        0.124     4.042 f  U1_SCPU/my_RF/data_out[63]_i_3__1/O
                         net (fo=2004, routed)        9.819    13.861    U8_clk_div/rst0
    SLICE_X52Y97         FDCE                                         f  U8_clk_div/clkdiv_reg[11]/CLR
  -------------------------------------------------------------------    -------------------

                         (clock sys_clk_pin rise edge)
                                                      0.000     0.000 r  
    E3                                                0.000     0.000 r  clk (IN)
                         net (fo=0)                   0.000     0.000    clk
    E3                   IBUF (Prop_ibuf_I_O)         1.411     1.411 r  clk_IBUF_inst/O
                         net (fo=1, routed)           1.920     3.331    clk_IBUF
    BUFGCTRL_X0Y16       BUFG (Prop_bufg_I_O)         0.091     3.422 r  clk_IBUF_BUFG_inst/O
                         net (fo=88, routed)          1.505     4.928    U8_clk_div/clk
    SLICE_X52Y97         FDCE                                         r  U8_clk_div/clkdiv_reg[11]/C

Slack:                    inf
  Source:                 rstn
                            (input port)
  Destination:            U8_clk_div/clkdiv_reg[8]/CLR
                            (recovery check against rising-edge clock sys_clk_pin  {rise@0.000ns fall@50.000ns period=100.000ns})
  Path Group:             (none)
  Path Type:              Recovery (Max at Slow Process Corner)
  Data Path Delay:        13.861ns  (logic 1.631ns (11.767%)  route 12.230ns (88.233%))
  Logic Levels:           2  (IBUF=1 LUT1=1)
  Clock Path Skew:        4.928ns (DCD - SCD + CPR)
    Destination Clock Delay (DCD):    4.928ns
    Source Clock Delay      (SCD):    0.000ns
    Clock Pessimism Removal (CPR):    0.000ns
  Clock Uncertainty:      0.025ns  ((TSJ^2 + TIJ^2)^1/2 + DJ) / 2 + PE
    Total System Jitter     (TSJ):    0.050ns
    Total Input Jitter      (TIJ):    0.000ns
    Discrete Jitter          (DJ):    0.000ns
    Phase Error              (PE):    0.000ns

    Location             Delay type                Incr(ns)  Path(ns)    Netlist Resource(s)
  -------------------------------------------------------------------    -------------------
    C12                                               0.000     0.000 r  rstn (IN)
                         net (fo=0)                   0.000     0.000    rstn
    C12                  IBUF (Prop_ibuf_I_O)         1.507     1.507 r  rstn_IBUF_inst/O
                         net (fo=3, routed)           2.411     3.918    U1_SCPU/my_RF/rstn_IBUF
    SLICE_X36Y126        LUT1 (Prop_lut1_I0_O)        0.124     4.042 f  U1_SCPU/my_RF/data_out[63]_i_3__1/O
                         net (fo=2004, routed)        9.819    13.861    U8_clk_div/rst0
    SLICE_X52Y97         FDCE                                         f  U8_clk_div/clkdiv_reg[8]/CLR
  -------------------------------------------------------------------    -------------------

                         (clock sys_clk_pin rise edge)
                                                      0.000     0.000 r  
    E3                                                0.000     0.000 r  clk (IN)
                         net (fo=0)                   0.000     0.000    clk
    E3                   IBUF (Prop_ibuf_I_O)         1.411     1.411 r  clk_IBUF_inst/O
                         net (fo=1, routed)           1.920     3.331    clk_IBUF
    BUFGCTRL_X0Y16       BUFG (Prop_bufg_I_O)         0.091     3.422 r  clk_IBUF_BUFG_inst/O
                         net (fo=88, routed)          1.505     4.928    U8_clk_div/clk
    SLICE_X52Y97         FDCE                                         r  U8_clk_div/clkdiv_reg[8]/C





Min Delay Paths
--------------------------------------------------------------------------------------
Slack:                    inf
  Source:                 U5_Multi_8CH32/point_out_reg[2]/C
                            (rising edge-triggered cell FDCE)
  Destination:            U6_SSeg7/point_data_reg[2]/D
                            (rising edge-triggered cell FDCE clocked by sys_clk_pin  {rise@0.000ns fall@50.000ns period=100.000ns})
  Path Group:             (none)
  Path Type:              Hold (Min at Fast Process Corner)
  Data Path Delay:        0.242ns  (logic 0.141ns (58.263%)  route 0.101ns (41.737%))
  Logic Levels:           1  (FDCE=1)
  Clock Uncertainty:      0.025ns  ((TSJ^2 + TIJ^2)^1/2 + DJ) / 2 + PE
    Total System Jitter     (TSJ):    0.050ns
    Total Input Jitter      (TIJ):    0.000ns
    Discrete Jitter          (DJ):    0.000ns
    Phase Error              (PE):    0.000ns

    Location             Delay type                Incr(ns)  Path(ns)    Netlist Resource(s)
  -------------------------------------------------------------------    -------------------
    SLICE_X53Y99         FDCE                         0.000     0.000 r  U5_Multi_8CH32/point_out_reg[2]/C
    SLICE_X53Y99         FDCE (Prop_fdce_C_Q)         0.141     0.141 r  U5_Multi_8CH32/point_out_reg[2]/Q
                         net (fo=1, routed)           0.101     0.242    U6_SSeg7/point[2]
    SLICE_X54Y99         FDCE                                         r  U6_SSeg7/point_data_reg[2]/D
  -------------------------------------------------------------------    -------------------

                         (clock sys_clk_pin rise edge)
                                                      0.000     0.000 r  
    E3                                                0.000     0.000 r  clk (IN)
                         net (fo=0)                   0.000     0.000    clk
    E3                   IBUF (Prop_ibuf_I_O)         0.438     0.438 r  clk_IBUF_inst/O
                         net (fo=1, routed)           0.699     1.136    clk_IBUF
    BUFGCTRL_X0Y16       BUFG (Prop_bufg_I_O)         0.029     1.165 r  clk_IBUF_BUFG_inst/O
                         net (fo=88, routed)          0.835     2.000    U6_SSeg7/clk
    SLICE_X54Y99         FDCE                                         r  U6_SSeg7/point_data_reg[2]/C

Slack:                    inf
  Source:                 U5_Multi_8CH32/point_out_reg[4]/C
                            (rising edge-triggered cell FDCE)
  Destination:            U6_SSeg7/point_data_reg[4]/D
                            (rising edge-triggered cell FDCE clocked by sys_clk_pin  {rise@0.000ns fall@50.000ns period=100.000ns})
  Path Group:             (none)
  Path Type:              Hold (Min at Fast Process Corner)
  Data Path Delay:        0.253ns  (logic 0.141ns (55.730%)  route 0.112ns (44.270%))
  Logic Levels:           1  (FDCE=1)
  Clock Uncertainty:      0.025ns  ((TSJ^2 + TIJ^2)^1/2 + DJ) / 2 + PE
    Total System Jitter     (TSJ):    0.050ns
    Total Input Jitter      (TIJ):    0.000ns
    Discrete Jitter          (DJ):    0.000ns
    Phase Error              (PE):    0.000ns

    Location             Delay type                Incr(ns)  Path(ns)    Netlist Resource(s)
  -------------------------------------------------------------------    -------------------
    SLICE_X53Y100        FDCE                         0.000     0.000 r  U5_Multi_8CH32/point_out_reg[4]/C
    SLICE_X53Y100        FDCE (Prop_fdce_C_Q)         0.141     0.141 r  U5_Multi_8CH32/point_out_reg[4]/Q
                         net (fo=1, routed)           0.112     0.253    U6_SSeg7/point[4]
    SLICE_X53Y101        FDCE                                         r  U6_SSeg7/point_data_reg[4]/D
  -------------------------------------------------------------------    -------------------

                         (clock sys_clk_pin rise edge)
                                                      0.000     0.000 r  
    E3                                                0.000     0.000 r  clk (IN)
                         net (fo=0)                   0.000     0.000    clk
    E3                   IBUF (Prop_ibuf_I_O)         0.438     0.438 r  clk_IBUF_inst/O
                         net (fo=1, routed)           0.699     1.136    clk_IBUF
    BUFGCTRL_X0Y16       BUFG (Prop_bufg_I_O)         0.029     1.165 r  clk_IBUF_BUFG_inst/O
                         net (fo=88, routed)          0.828     1.994    U6_SSeg7/clk
    SLICE_X53Y101        FDCE                                         r  U6_SSeg7/point_data_reg[4]/C

Slack:                    inf
  Source:                 U5_Multi_8CH32/LE_out_reg[4]/C
                            (rising edge-triggered cell FDCE)
  Destination:            U6_SSeg7/LES_data_reg[4]/D
                            (rising edge-triggered cell FDCE clocked by sys_clk_pin  {rise@0.000ns fall@50.000ns period=100.000ns})
  Path Group:             (none)
  Path Type:              Hold (Min at Fast Process Corner)
  Data Path Delay:        0.253ns  (logic 0.128ns (50.539%)  route 0.125ns (49.461%))
  Logic Levels:           1  (FDCE=1)
  Clock Uncertainty:      0.025ns  ((TSJ^2 + TIJ^2)^1/2 + DJ) / 2 + PE
    Total System Jitter     (TSJ):    0.050ns
    Total Input Jitter      (TIJ):    0.000ns
    Discrete Jitter          (DJ):    0.000ns
    Phase Error              (PE):    0.000ns

    Location             Delay type                Incr(ns)  Path(ns)    Netlist Resource(s)
  -------------------------------------------------------------------    -------------------
    SLICE_X53Y100        FDCE                         0.000     0.000 r  U5_Multi_8CH32/LE_out_reg[4]/C
    SLICE_X53Y100        FDCE (Prop_fdce_C_Q)         0.128     0.128 r  U5_Multi_8CH32/LE_out_reg[4]/Q
                         net (fo=1, routed)           0.125     0.253    U6_SSeg7/LES[4]
    SLICE_X52Y100        FDCE                                         r  U6_SSeg7/LES_data_reg[4]/D
  -------------------------------------------------------------------    -------------------

                         (clock sys_clk_pin rise edge)
                                                      0.000     0.000 r  
    E3                                                0.000     0.000 r  clk (IN)
                         net (fo=0)                   0.000     0.000    clk
    E3                   IBUF (Prop_ibuf_I_O)         0.438     0.438 r  clk_IBUF_inst/O
                         net (fo=1, routed)           0.699     1.136    clk_IBUF
    BUFGCTRL_X0Y16       BUFG (Prop_bufg_I_O)         0.029     1.165 r  clk_IBUF_BUFG_inst/O
                         net (fo=88, routed)          0.828     1.994    U6_SSeg7/clk
    SLICE_X52Y100        FDCE                                         r  U6_SSeg7/LES_data_reg[4]/C

Slack:                    inf
  Source:                 U5_Multi_8CH32/LE_out_reg[7]/C
                            (rising edge-triggered cell FDCE)
  Destination:            U6_SSeg7/LES_data_reg[7]/D
                            (rising edge-triggered cell FDCE clocked by sys_clk_pin  {rise@0.000ns fall@50.000ns period=100.000ns})
  Path Group:             (none)
  Path Type:              Hold (Min at Fast Process Corner)
  Data Path Delay:        0.253ns  (logic 0.128ns (50.539%)  route 0.125ns (49.461%))
  Logic Levels:           1  (FDCE=1)
  Clock Uncertainty:      0.025ns  ((TSJ^2 + TIJ^2)^1/2 + DJ) / 2 + PE
    Total System Jitter     (TSJ):    0.050ns
    Total Input Jitter      (TIJ):    0.000ns
    Discrete Jitter          (DJ):    0.000ns
    Phase Error              (PE):    0.000ns

    Location             Delay type                Incr(ns)  Path(ns)    Netlist Resource(s)
  -------------------------------------------------------------------    -------------------
    SLICE_X53Y99         FDCE                         0.000     0.000 r  U5_Multi_8CH32/LE_out_reg[7]/C
    SLICE_X53Y99         FDCE (Prop_fdce_C_Q)         0.128     0.128 r  U5_Multi_8CH32/LE_out_reg[7]/Q
                         net (fo=1, routed)           0.125     0.253    U6_SSeg7/LES[7]
    SLICE_X52Y99         FDCE                                         r  U6_SSeg7/LES_data_reg[7]/D
  -------------------------------------------------------------------    -------------------

                         (clock sys_clk_pin rise edge)
                                                      0.000     0.000 r  
    E3                                                0.000     0.000 r  clk (IN)
                         net (fo=0)                   0.000     0.000    clk
    E3                   IBUF (Prop_ibuf_I_O)         0.438     0.438 r  clk_IBUF_inst/O
                         net (fo=1, routed)           0.699     1.136    clk_IBUF
    BUFGCTRL_X0Y16       BUFG (Prop_bufg_I_O)         0.029     1.165 r  clk_IBUF_BUFG_inst/O
                         net (fo=88, routed)          0.835     2.000    U6_SSeg7/clk
    SLICE_X52Y99         FDCE                                         r  U6_SSeg7/LES_data_reg[7]/C

Slack:                    inf
  Source:                 U5_Multi_8CH32/LE_out_reg[0]/C
                            (rising edge-triggered cell FDCE)
  Destination:            U6_SSeg7/LES_data_reg[0]/D
                            (rising edge-triggered cell FDCE clocked by sys_clk_pin  {rise@0.000ns fall@50.000ns period=100.000ns})
  Path Group:             (none)
  Path Type:              Hold (Min at Fast Process Corner)
  Data Path Delay:        0.260ns  (logic 0.141ns (54.139%)  route 0.119ns (45.861%))
  Logic Levels:           1  (FDCE=1)
  Clock Uncertainty:      0.025ns  ((TSJ^2 + TIJ^2)^1/2 + DJ) / 2 + PE
    Total System Jitter     (TSJ):    0.050ns
    Total Input Jitter      (TIJ):    0.000ns
    Discrete Jitter          (DJ):    0.000ns
    Phase Error              (PE):    0.000ns

    Location             Delay type                Incr(ns)  Path(ns)    Netlist Resource(s)
  -------------------------------------------------------------------    -------------------
    SLICE_X52Y104        FDCE                         0.000     0.000 r  U5_Multi_8CH32/LE_out_reg[0]/C
    SLICE_X52Y104        FDCE (Prop_fdce_C_Q)         0.141     0.141 r  U5_Multi_8CH32/LE_out_reg[0]/Q
                         net (fo=1, routed)           0.119     0.260    U6_SSeg7/LES[0]
    SLICE_X52Y103        FDCE                                         r  U6_SSeg7/LES_data_reg[0]/D
  -------------------------------------------------------------------    -------------------

                         (clock sys_clk_pin rise edge)
                                                      0.000     0.000 r  
    E3                                                0.000     0.000 r  clk (IN)
                         net (fo=0)                   0.000     0.000    clk
    E3                   IBUF (Prop_ibuf_I_O)         0.438     0.438 r  clk_IBUF_inst/O
                         net (fo=1, routed)           0.699     1.136    clk_IBUF
    BUFGCTRL_X0Y16       BUFG (Prop_bufg_I_O)         0.029     1.165 r  clk_IBUF_BUFG_inst/O
                         net (fo=88, routed)          0.827     1.993    U6_SSeg7/clk
    SLICE_X52Y103        FDCE                                         r  U6_SSeg7/LES_data_reg[0]/C

Slack:                    inf
  Source:                 U5_Multi_8CH32/Disp_num_reg[10]/C
                            (rising edge-triggered cell FDCE)
  Destination:            U6_SSeg7/seg_data_reg[10]/D
                            (rising edge-triggered cell FDPE clocked by sys_clk_pin  {rise@0.000ns fall@50.000ns period=100.000ns})
  Path Group:             (none)
  Path Type:              Hold (Min at Fast Process Corner)
  Data Path Delay:        0.274ns  (logic 0.164ns (59.853%)  route 0.110ns (40.147%))
  Logic Levels:           1  (FDCE=1)
  Clock Uncertainty:      0.025ns  ((TSJ^2 + TIJ^2)^1/2 + DJ) / 2 + PE
    Total System Jitter     (TSJ):    0.050ns
    Total Input Jitter      (TIJ):    0.000ns
    Discrete Jitter          (DJ):    0.000ns
    Phase Error              (PE):    0.000ns

    Location             Delay type                Incr(ns)  Path(ns)    Netlist Resource(s)
  -------------------------------------------------------------------    -------------------
    SLICE_X56Y108        FDCE                         0.000     0.000 r  U5_Multi_8CH32/Disp_num_reg[10]/C
    SLICE_X56Y108        FDCE (Prop_fdce_C_Q)         0.164     0.164 r  U5_Multi_8CH32/Disp_num_reg[10]/Q
                         net (fo=1, routed)           0.110     0.274    U6_SSeg7/Hexs[10]
    SLICE_X56Y107        FDPE                                         r  U6_SSeg7/seg_data_reg[10]/D
  -------------------------------------------------------------------    -------------------

                         (clock sys_clk_pin rise edge)
                                                      0.000     0.000 r  
    E3                                                0.000     0.000 r  clk (IN)
                         net (fo=0)                   0.000     0.000    clk
    E3                   IBUF (Prop_ibuf_I_O)         0.438     0.438 r  clk_IBUF_inst/O
                         net (fo=1, routed)           0.699     1.136    clk_IBUF
    BUFGCTRL_X0Y16       BUFG (Prop_bufg_I_O)         0.029     1.165 r  clk_IBUF_BUFG_inst/O
                         net (fo=88, routed)          0.828     1.993    U6_SSeg7/clk
    SLICE_X56Y107        FDPE                                         r  U6_SSeg7/seg_data_reg[10]/C

Slack:                    inf
  Source:                 U5_Multi_8CH32/LE_out_reg[5]/C
                            (rising edge-triggered cell FDCE)
  Destination:            U6_SSeg7/LES_data_reg[5]/D
                            (rising edge-triggered cell FDCE clocked by sys_clk_pin  {rise@0.000ns fall@50.000ns period=100.000ns})
  Path Group:             (none)
  Path Type:              Hold (Min at Fast Process Corner)
  Data Path Delay:        0.294ns  (logic 0.141ns (47.936%)  route 0.153ns (52.064%))
  Logic Levels:           1  (FDCE=1)
  Clock Uncertainty:      0.025ns  ((TSJ^2 + TIJ^2)^1/2 + DJ) / 2 + PE
    Total System Jitter     (TSJ):    0.050ns
    Total Input Jitter      (TIJ):    0.000ns
    Discrete Jitter          (DJ):    0.000ns
    Phase Error              (PE):    0.000ns

    Location             Delay type                Incr(ns)  Path(ns)    Netlist Resource(s)
  -------------------------------------------------------------------    -------------------
    SLICE_X47Y102        FDCE                         0.000     0.000 r  U5_Multi_8CH32/LE_out_reg[5]/C
    SLICE_X47Y102        FDCE (Prop_fdce_C_Q)         0.141     0.141 r  U5_Multi_8CH32/LE_out_reg[5]/Q
                         net (fo=1, routed)           0.153     0.294    U6_SSeg7/LES[5]
    SLICE_X48Y102        FDCE                                         r  U6_SSeg7/LES_data_reg[5]/D
  -------------------------------------------------------------------    -------------------

                         (clock sys_clk_pin rise edge)
                                                      0.000     0.000 r  
    E3                                                0.000     0.000 r  clk (IN)
                         net (fo=0)                   0.000     0.000    clk
    E3                   IBUF (Prop_ibuf_I_O)         0.438     0.438 r  clk_IBUF_inst/O
                         net (fo=1, routed)           0.699     1.136    clk_IBUF
    BUFGCTRL_X0Y16       BUFG (Prop_bufg_I_O)         0.029     1.165 r  clk_IBUF_BUFG_inst/O
                         net (fo=88, routed)          0.832     1.997    U6_SSeg7/clk
    SLICE_X48Y102        FDCE                                         r  U6_SSeg7/LES_data_reg[5]/C

Slack:                    inf
  Source:                 U5_Multi_8CH32/LE_out_reg[1]/C
                            (rising edge-triggered cell FDCE)
  Destination:            U6_SSeg7/LES_data_reg[1]/D
                            (rising edge-triggered cell FDCE clocked by sys_clk_pin  {rise@0.000ns fall@50.000ns period=100.000ns})
  Path Group:             (none)
  Path Type:              Hold (Min at Fast Process Corner)
  Data Path Delay:        0.311ns  (logic 0.141ns (45.298%)  route 0.170ns (54.702%))
  Logic Levels:           1  (FDCE=1)
  Clock Uncertainty:      0.025ns  ((TSJ^2 + TIJ^2)^1/2 + DJ) / 2 + PE
    Total System Jitter     (TSJ):    0.050ns
    Total Input Jitter      (TIJ):    0.000ns
    Discrete Jitter          (DJ):    0.000ns
    Phase Error              (PE):    0.000ns

    Location             Delay type                Incr(ns)  Path(ns)    Netlist Resource(s)
  -------------------------------------------------------------------    -------------------
    SLICE_X53Y103        FDCE                         0.000     0.000 r  U5_Multi_8CH32/LE_out_reg[1]/C
    SLICE_X53Y103        FDCE (Prop_fdce_C_Q)         0.141     0.141 r  U5_Multi_8CH32/LE_out_reg[1]/Q
                         net (fo=1, routed)           0.170     0.311    U6_SSeg7/LES[1]
    SLICE_X52Y103        FDCE                                         r  U6_SSeg7/LES_data_reg[1]/D
  -------------------------------------------------------------------    -------------------

                         (clock sys_clk_pin rise edge)
                                                      0.000     0.000 r  
    E3                                                0.000     0.000 r  clk (IN)
                         net (fo=0)                   0.000     0.000    clk
    E3                   IBUF (Prop_ibuf_I_O)         0.438     0.438 r  clk_IBUF_inst/O
                         net (fo=1, routed)           0.699     1.136    clk_IBUF
    BUFGCTRL_X0Y16       BUFG (Prop_bufg_I_O)         0.029     1.165 r  clk_IBUF_BUFG_inst/O
                         net (fo=88, routed)          0.827     1.993    U6_SSeg7/clk
    SLICE_X52Y103        FDCE                                         r  U6_SSeg7/LES_data_reg[1]/C

Slack:                    inf
  Source:                 U5_Multi_8CH32/point_out_reg[5]/C
                            (rising edge-triggered cell FDCE)
  Destination:            U6_SSeg7/point_data_reg[5]/D
                            (rising edge-triggered cell FDCE clocked by sys_clk_pin  {rise@0.000ns fall@50.000ns period=100.000ns})
  Path Group:             (none)
  Path Type:              Hold (Min at Fast Process Corner)
  Data Path Delay:        0.313ns  (logic 0.141ns (45.009%)  route 0.172ns (54.991%))
  Logic Levels:           1  (FDCE=1)
  Clock Uncertainty:      0.025ns  ((TSJ^2 + TIJ^2)^1/2 + DJ) / 2 + PE
    Total System Jitter     (TSJ):    0.050ns
    Total Input Jitter      (TIJ):    0.000ns
    Discrete Jitter          (DJ):    0.000ns
    Phase Error              (PE):    0.000ns

    Location             Delay type                Incr(ns)  Path(ns)    Netlist Resource(s)
  -------------------------------------------------------------------    -------------------
    SLICE_X53Y100        FDCE                         0.000     0.000 r  U5_Multi_8CH32/point_out_reg[5]/C
    SLICE_X53Y100        FDCE (Prop_fdce_C_Q)         0.141     0.141 r  U5_Multi_8CH32/point_out_reg[5]/Q
                         net (fo=1, routed)           0.172     0.313    U6_SSeg7/point[5]
    SLICE_X53Y101        FDCE                                         r  U6_SSeg7/point_data_reg[5]/D
  -------------------------------------------------------------------    -------------------

                         (clock sys_clk_pin rise edge)
                                                      0.000     0.000 r  
    E3                                                0.000     0.000 r  clk (IN)
                         net (fo=0)                   0.000     0.000    clk
    E3                   IBUF (Prop_ibuf_I_O)         0.438     0.438 r  clk_IBUF_inst/O
                         net (fo=1, routed)           0.699     1.136    clk_IBUF
    BUFGCTRL_X0Y16       BUFG (Prop_bufg_I_O)         0.029     1.165 r  clk_IBUF_BUFG_inst/O
                         net (fo=88, routed)          0.828     1.994    U6_SSeg7/clk
    SLICE_X53Y101        FDCE                                         r  U6_SSeg7/point_data_reg[5]/C

Slack:                    inf
  Source:                 U5_Multi_8CH32/Disp_num_reg[12]/C
                            (rising edge-triggered cell FDCE)
  Destination:            U6_SSeg7/seg_data_reg[12]/D
                            (rising edge-triggered cell FDPE clocked by sys_clk_pin  {rise@0.000ns fall@50.000ns period=100.000ns})
  Path Group:             (none)
  Path Type:              Hold (Min at Fast Process Corner)
  Data Path Delay:        0.317ns  (logic 0.141ns (44.428%)  route 0.176ns (55.572%))
  Logic Levels:           1  (FDCE=1)
  Clock Uncertainty:      0.025ns  ((TSJ^2 + TIJ^2)^1/2 + DJ) / 2 + PE
    Total System Jitter     (TSJ):    0.050ns
    Total Input Jitter      (TIJ):    0.000ns
    Discrete Jitter          (DJ):    0.000ns
    Phase Error              (PE):    0.000ns

    Location             Delay type                Incr(ns)  Path(ns)    Netlist Resource(s)
  -------------------------------------------------------------------    -------------------
    SLICE_X55Y111        FDCE                         0.000     0.000 r  U5_Multi_8CH32/Disp_num_reg[12]/C
    SLICE_X55Y111        FDCE (Prop_fdce_C_Q)         0.141     0.141 r  U5_Multi_8CH32/Disp_num_reg[12]/Q
                         net (fo=1, routed)           0.176     0.317    U6_SSeg7/Hexs[12]
    SLICE_X54Y107        FDPE                                         r  U6_SSeg7/seg_data_reg[12]/D
  -------------------------------------------------------------------    -------------------

                         (clock sys_clk_pin rise edge)
                                                      0.000     0.000 r  
    E3                                                0.000     0.000 r  clk (IN)
                         net (fo=0)                   0.000     0.000    clk
    E3                   IBUF (Prop_ibuf_I_O)         0.438     0.438 r  clk_IBUF_inst/O
                         net (fo=1, routed)           0.699     1.136    clk_IBUF
    BUFGCTRL_X0Y16       BUFG (Prop_bufg_I_O)         0.029     1.165 r  clk_IBUF_BUFG_inst/O
                         net (fo=88, routed)          0.826     1.992    U6_SSeg7/clk
    SLICE_X54Y107        FDPE                                         r  U6_SSeg7/seg_data_reg[12]/C





